year,obs.hours,species,spcode,count,NE Urban,NE Deciduous Forest ,NE Evergreen Forest, NE Mixed Forest,NE Agriculture,dummy temp
1946,594,AMKE,1,99,0.09,1.65,0.63,1.26,1.39,35
1947,592,AMKE,1,116,0.09,1.65,0.63,1.26,1.39,35
1948,577,AMKE,1,145,0.09,1.65,0.63,1.26,1.39,35
1949,640,AMKE,1,339,0.09,1.65,0.63,1.26,1.39,35
1950,625,AMKE,1,234,0.11,1.73,0.6,1,1.21,31
1951,561,AMKE,1,247,0.11,1.73,0.6,1,1.21,31
1952,636,AMKE,1,219,0.11,1.73,0.6,1,1.21,31
1953,651,AMKE,1,220,0.11,1.73,0.6,1,1.21,31
1954,630,AMKE,1,174,0.11,1.73,0.6,1,1.21,31
1955,630,AMKE,1,264,0.11,1.73,0.6,1,1.21,31
1956,586,AMKE,1,204,0.11,1.73,0.6,1,1.21,31
1957,601,AMKE,1,174,0.11,1.73,0.6,1,1.21,31
1958,654,AMKE,1,217,0.11,1.73,0.6,1,1.21,31
1959,623,AMKE,1,281,0.11,1.73,0.6,1,1.21,31
1960,635,AMKE,1,221,0.15,1.47,0.7,1.1,1.2,21
1961,673,AMKE,1,464,0.15,1.47,0.7,1.1,1.2,21
1962,650,AMKE,1,456,0.15,1.47,0.7,1.1,1.2,21
1963,718,AMKE,1,260,0.15,1.47,0.7,1.1,1.2,21
1964,711,AMKE,1,235,0.15,1.47,0.7,1.1,1.2,21
1965,688,AMKE,1,391,0.15,1.47,0.7,1.1,1.2,21
1966,575,AMKE,1,539,0.15,1.47,0.7,1.1,1.2,21
1967,552,AMKE,1,554,0.15,1.47,0.7,1.1,1.2,21
1968,511,AMKE,1,592,0.15,1.47,0.7,1.1,1.2,21
1969,817,AMKE,1,537,0.15,1.47,0.7,1.1,1.2,21
1970,459,AMKE,1,409,0.15,1.8,0.69,1.05,0.95,19
1971,320,AMKE,1,365,0.15,1.8,0.69,1.05,0.95,19
1972,437,AMKE,1,393,0.15,1.8,0.69,1.05,0.95,19
1973,518,AMKE,1,479,0.15,1.8,0.69,1.05,0.95,19
1974,531,AMKE,1,434,0.15,1.8,0.69,1.05,0.95,19
1975,490,AMKE,1,487,0.15,1.8,0.69,1.05,0.95,19
1976,557,AMKE,1,413,0.15,1.8,0.69,1.05,0.95,19
1977,541,AMKE,1,705,0.15,1.8,0.69,1.05,0.95,19
1978,664,AMKE,1,370,0.15,1.8,0.69,1.05,0.95,19
1979,752,AMKE,1,544,0.15,1.8,0.69,1.05,0.95,19
1980,878,AMKE,1,529,0.17,1.81,0.7,1.05,0.9,19
1981,814,AMKE,1,708,0.17,1.81,0.7,1.05,0.9,19
1982,875,AMKE,1,400,0.17,1.81,0.7,1.05,0.9,19
1983,912,AMKE,1,461,0.17,1.81,0.7,1.05,0.9,19
1984,941,AMKE,1,331,0.17,1.81,0.7,1.05,0.9,19
1985,802,AMKE,1,383,0.17,1.81,0.7,1.05,0.9,19
1986,822,AMKE,1,455,0.17,1.81,0.7,1.05,0.9,19
1987,910,AMKE,1,576,0.17,1.81,0.7,1.05,0.9,19
1988,969,AMKE,1,634,0.17,1.81,0.7,1.05,0.9,19
1989,921,AMKE,1,839,0.17,1.81,0.7,1.05,0.9,19
1990,965,AMKE,1,726,0.19,1.85,0.71,1.08,0.8,19
1991,992,AMKE,1,632,0.19,1.85,0.71,1.08,0.8,19
1992,957,AMKE,1,546,0.19,1.85,0.71,1.08,0.8,19
1993,986,AMKE,1,646,0.19,1.85,0.71,1.08,0.8,19
1994,1057,AMKE,1,688,0.19,1.85,0.71,1.08,0.8,19
1995,1020,AMKE,1,655,0.19,1.85,0.71,1.08,0.8,19
1996,1044,AMKE,1,365,0.19,1.85,0.71,1.08,0.8,19
1997,1050,AMKE,1,643,0.19,1.85,0.71,1.08,0.8,19
1998,1157,AMKE,1,794,0.19,1.85,0.71,1.08,0.8,19
1999,1088,AMKE,1,729,0.19,1.85,0.71,1.08,0.8,19
2000,1126.55,AMKE,1,520,0.2,1.84,0.71,1.07,0.78,19
2001,1137.37,AMKE,1,581,0.2,1.84,0.71,1.07,0.78,19
2002,1038.8,AMKE,1,479,0.2,1.84,0.71,1.07,0.78,19
2003,1034.09,AMKE,1,375,0.2,1.84,0.71,1.07,0.78,19
2004,1093.45,AMKE,1,358,0.2,1.84,0.71,1.07,0.78,19
2005,1120.68,AMKE,1,467,0.2,1.84,0.71,1.07,0.78,19
2006,1066.95,AMKE,1,411,0.2,1.84,0.71,1.07,0.78,19
2007,1045.15,AMKE,1,528,0.2,1.84,0.71,1.07,0.78,19
2008,1082.32,AMKE,1,294,0.2,1.84,0.71,1.07,0.78,19
2009,1032.67,AMKE,1,461,0.2,1.84,0.71,1.07,0.78,19
2010,1084.85,AMKE,1,565,0.2,1.84,0.71,1.07,0.78,19
2011,1055.32,AMKE,1,386,37.86,1.57,300,39.9,66.99,19
2012,1095.45,AMKE,1,514,37.86,1.57,300,39.9,66.99,19
2013,1098.2,AMKE,1,318,37.86,1.57,300,39.9,66.99,19
2014,1101.87,AMKE,1,380,37.86,1.57,300,39.9,66.99,19
2015,1115.33,AMKE,1,238,37.86,1.57,300,39.9,66.99,19
2016,1114.33,AMKE,1,218,37.86,1.57,300,39.9,66.99,19
2017,1020.72,AMKE,1,239,37.86,1.57,300,39.9,66.99,19
2018,1018.6,AMKE,1,421,37.86,1.57,300,39.9,66.99,19
1946,594,BAEA,2,39,0.09,1.65,0.63,1.26,1.39,35
1947,592,BAEA,2,89,0.09,1.65,0.63,1.26,1.39,35
1948,577,BAEA,2,79,0.09,1.65,0.63,1.26,1.39,35
1949,640,BAEA,2,84,0.09,1.65,0.63,1.26,1.39,35
1950,625,BAEA,2,116,0.11,1.73,0.6,1,1.21,31
1951,561,BAEA,2,87,0.11,1.73,0.6,1,1.21,31
1952,636,BAEA,2,91,0.11,1.73,0.6,1,1.21,31
1953,651,BAEA,2,59,0.11,1.73,0.6,1,1.21,31
1954,630,BAEA,2,65,0.11,1.73,0.6,1,1.21,31
1955,630,BAEA,2,88,0.11,1.73,0.6,1,1.21,31
1956,586,BAEA,2,53,0.11,1.73,0.6,1,1.21,31
1957,601,BAEA,2,39,0.11,1.73,0.6,1,1.21,31
1958,654,BAEA,2,41,0.11,1.73,0.6,1,1.21,31
1959,623,BAEA,2,45,0.11,1.73,0.6,1,1.21,31
1960,635,BAEA,2,23,0.15,1.47,0.7,1.1,1.2,21
1961,673,BAEA,2,40,0.15,1.47,0.7,1.1,1.2,21
1962,650,BAEA,2,35,0.15,1.47,0.7,1.1,1.2,21
1963,718,BAEA,2,21,0.15,1.47,0.7,1.1,1.2,21
1964,711,BAEA,2,27,0.15,1.47,0.7,1.1,1.2,21
1965,688,BAEA,2,36,0.15,1.47,0.7,1.1,1.2,21
1966,575,BAEA,2,25,0.15,1.47,0.7,1.1,1.2,21
1967,552,BAEA,2,30,0.15,1.47,0.7,1.1,1.2,21
1968,511,BAEA,2,41,0.15,1.47,0.7,1.1,1.2,21
1969,817,BAEA,2,30,0.15,1.47,0.7,1.1,1.2,21
1970,459,BAEA,2,25,0.15,1.8,0.69,1.05,0.95,24
1971,320,BAEA,2,14,0.15,1.8,0.69,1.05,0.95,24
1972,437,BAEA,2,14,0.15,1.8,0.69,1.05,0.95,24
1973,518,BAEA,2,17,0.15,1.8,0.69,1.05,0.95,24
1974,531,BAEA,2,13,0.15,1.8,0.69,1.05,0.95,24
1975,490,BAEA,2,19,0.15,1.8,0.69,1.05,0.95,24
1976,557,BAEA,2,18,0.15,1.8,0.69,1.05,0.95,24
1977,541,BAEA,2,19,0.15,1.8,0.69,1.05,0.95,24
1978,664,BAEA,2,27,0.15,1.8,0.69,1.05,0.95,24
1979,752,BAEA,2,16,0.15,1.8,0.69,1.05,0.95,24
1980,878,BAEA,2,22,0.17,1.81,0.7,1.05,0.9,24
1981,814,BAEA,2,28,0.17,1.81,0.7,1.05,0.9,24
1982,875,BAEA,2,33,0.17,1.81,0.7,1.05,0.9,24
1983,912,BAEA,2,24,0.17,1.81,0.7,1.05,0.9,24
1984,941,BAEA,2,41,0.17,1.81,0.7,1.05,0.9,24
1985,802,BAEA,2,37,0.17,1.81,0.7,1.05,0.9,24
1986,822,BAEA,2,56,0.17,1.81,0.7,1.05,0.9,24
1987,910,BAEA,2,65,0.17,1.81,0.7,1.05,0.9,24
1988,969,BAEA,2,57,0.17,1.81,0.7,1.05,0.9,24
1989,921,BAEA,2,62,0.17,1.81,0.7,1.05,0.9,24
1990,965,BAEA,2,76,0.19,1.85,0.71,1.08,0.8,24
1991,992,BAEA,2,70,0.19,1.85,0.71,1.08,0.8,24
1992,957,BAEA,2,91,0.19,1.85,0.71,1.08,0.8,24
1993,986,BAEA,2,81,0.19,1.85,0.71,1.08,0.8,24
1994,1057,BAEA,2,80,0.19,1.85,0.71,1.08,0.8,24
1995,1020,BAEA,2,130,0.19,1.85,0.71,1.08,0.8,24
1996,1044,BAEA,2,103,0.19,1.85,0.71,1.08,0.8,24
1997,1050,BAEA,2,133,0.19,1.85,0.71,1.08,0.8,24
1998,1157,BAEA,2,159,0.19,1.85,0.71,1.08,0.8,24
1999,1088,BAEA,2,170,0.19,1.85,0.71,1.08,0.8,24
2000,1126.55,BAEA,2,164,0.2,1.84,0.71,1.07,0.78,24
2001,1137.37,BAEA,2,158,0.2,1.84,0.71,1.07,0.78,24
2002,1038.8,BAEA,2,215,0.2,1.84,0.71,1.07,0.78,24
2003,1034.09,BAEA,2,218,0.2,1.84,0.71,1.07,0.78,24
2004,1093.45,BAEA,2,219,0.2,1.84,0.71,1.07,0.78,24
2005,1120.68,BAEA,2,199,0.2,1.84,0.71,1.07,0.78,24
2006,1066.95,BAEA,2,197,0.2,1.84,0.71,1.07,0.78,24
2007,1045.15,BAEA,2,231,0.2,1.84,0.71,1.07,0.78,24
2008,1082.32,BAEA,2,255,0.2,1.84,0.71,1.07,0.78,24
2009,1032.67,BAEA,2,219,0.2,1.84,0.71,1.07,0.78,24
2010,1084.85,BAEA,2,408,0.2,1.84,0.71,1.07,0.78,24
2011,1055.32,BAEA,2,306,37.86,1.57,300,39.9,66.99,24
2012,1095.45,BAEA,2,352,37.86,1.57,300,39.9,66.99,24
2013,1098.2,BAEA,2,354,37.86,1.57,300,39.9,66.99,24
2014,1101.87,BAEA,2,412,37.86,1.57,300,39.9,66.99,24
2015,1115.33,BAEA,2,309,37.86,1.57,300,39.9,66.99,24
2016,1114.33,BAEA,2,492,37.86,1.57,300,39.9,66.99,24
2017,1020.72,BAEA,2,421,37.86,1.57,300,39.9,66.99,24
2018,1018.6,BAEA,2,541,37.86,1.57,300,39.9,66.99,24
1985,802,BLVU,3,4,0.17,1.81,0.7,1.05,0.9,24
1986,822,BLVU,3,28,0.17,1.81,0.7,1.05,0.9,24
1987,910,BLVU,3,30,0.17,1.81,0.7,1.05,0.9,24
1988,969,BLVU,3,16,0.17,1.81,0.7,1.05,0.9,24
1989,921,BLVU,3,53,0.17,1.81,0.7,1.05,0.9,24
1990,965,BLVU,3,28,0.19,1.85,0.71,1.08,0.8,24
1991,992,BLVU,3,43,0.19,1.85,0.71,1.08,0.8,24
1992,957,BLVU,3,21,0.19,1.85,0.71,1.08,0.8,24
1993,986,BLVU,3,50,0.19,1.85,0.71,1.08,0.8,24
1994,1057,BLVU,3,56,0.19,1.85,0.71,1.08,0.8,24
1995,1020,BLVU,3,43,0.19,1.85,0.71,1.08,0.8,24
1996,1044,BLVU,3,50,0.19,1.85,0.71,1.08,0.8,24
1997,1050,BLVU,3,93,0.19,1.85,0.71,1.08,0.8,24
1998,1157,BLVU,3,55,0.19,1.85,0.71,1.08,0.8,24
1999,1088,BLVU,3,80,0.19,1.85,0.71,1.08,0.8,24
2000,1126.55,BLVU,3,9,0.2,1.84,0.71,1.07,0.78,24
2001,1137.37,BLVU,3,48,0.2,1.84,0.71,1.07,0.78,24
2002,1038.8,BLVU,3,48,0.2,1.84,0.71,1.07,0.78,24
2003,1034.09,BLVU,3,23,0.2,1.84,0.71,1.07,0.78,24
2004,1093.45,BLVU,3,64,0.2,1.84,0.71,1.07,0.78,24
2005,1120.68,BLVU,3,114,0.2,1.84,0.71,1.07,0.78,24
2006,1066.95,BLVU,3,89,0.2,1.84,0.71,1.07,0.78,24
2007,1045.15,BLVU,3,119,0.2,1.84,0.71,1.07,0.78,24
2008,1082.32,BLVU,3,38,0.2,1.84,0.71,1.07,0.78,24
2009,1032.67,BLVU,3,160,0.2,1.84,0.71,1.07,0.78,24
2010,1084.85,BLVU,3,135,0.2,1.84,0.71,1.07,0.78,24
2011,1055.32,BLVU,3,299,37.86,1.57,300,39.9,66.99,24
2012,1095.45,BLVU,3,119,37.86,1.57,300,39.9,66.99,24
2013,1098.2,BLVU,3,115,37.86,1.57,300,39.9,66.99,24
2014,1101.87,BLVU,3,196,37.86,1.57,300,39.9,66.99,24
2015,1115.33,BLVU,3,104,37.86,1.57,300,39.9,66.99,24
2016,1114.33,BLVU,3,113,37.86,1.57,300,39.9,66.99,24
2017,1020.72,BLVU,3,44,37.86,1.57,300,39.9,66.99,24
2018,1018.6,BLVU,3,69,37.86,1.57,300,39.9,66.99,24
1946,594,BWHA,4,2886,0.09,1.65,0.63,1.26,1.39,35
1947,592,BWHA,4,6664,0.09,1.65,0.63,1.26,1.39,35
1948,577,BWHA,4,15026,0.09,1.65,0.63,1.26,1.39,35
1949,640,BWHA,4,9579,0.09,1.65,0.63,1.26,1.39,35
1950,625,BWHA,4,5305,0.11,1.73,0.6,1,1.21,31
1951,561,BWHA,4,10997,0.11,1.73,0.6,1,1.21,31
1952,636,BWHA,4,12603,0.11,1.73,0.6,1,1.21,31
1953,651,BWHA,4,7247,0.11,1.73,0.6,1,1.21,31
1954,630,BWHA,4,5956,0.11,1.73,0.6,1,1.21,31
1955,630,BWHA,4,9542,0.11,1.73,0.6,1,1.21,31
1956,586,BWHA,4,8734,0.11,1.73,0.6,1,1.21,31
1957,601,BWHA,4,8935,0.11,1.73,0.6,1,1.21,31
1958,654,BWHA,4,8880,0.11,1.73,0.6,1,1.21,31
1959,623,BWHA,4,5301,0.11,1.73,0.6,1,1.21,31
1960,635,BWHA,4,11107,0.15,1.47,0.7,1.1,1.2,21
1961,673,BWHA,4,8642,0.15,1.47,0.7,1.1,1.2,21
1962,650,BWHA,4,8254,0.15,1.47,0.7,1.1,1.2,21
1963,718,BWHA,4,9791,0.15,1.47,0.7,1.1,1.2,21
1964,711,BWHA,4,10180,0.15,1.47,0.7,1.1,1.2,21
1965,688,BWHA,4,9235,0.15,1.47,0.7,1.1,1.2,21
1966,575,BWHA,4,10110,0.15,1.47,0.7,1.1,1.2,21
1967,552,BWHA,4,8000,0.15,1.47,0.7,1.1,1.2,21
1968,511,BWHA,4,14041,0.15,1.47,0.7,1.1,1.2,21
1969,817,BWHA,4,8515,0.15,1.47,0.7,1.1,1.2,21
1970,459,BWHA,4,9153,0.15,1.8,0.69,1.05,0.95,21
1971,320,BWHA,4,5603,0.15,1.8,0.69,1.05,0.95,21
1972,437,BWHA,4,8131,0.15,1.8,0.69,1.05,0.95,21
1973,518,BWHA,4,6404,0.15,1.8,0.69,1.05,0.95,21
1974,531,BWHA,4,9146,0.15,1.8,0.69,1.05,0.95,21
1975,490,BWHA,4,10390,0.15,1.8,0.69,1.05,0.95,21
1976,557,BWHA,4,8461,0.15,1.8,0.69,1.05,0.95,21
1977,541,BWHA,4,13009,0.15,1.8,0.69,1.05,0.95,21
1978,664,BWHA,4,29519,0.15,1.8,0.69,1.05,0.95,21
1979,752,BWHA,4,11173,0.15,1.8,0.69,1.05,0.95,21
1980,878,BWHA,4,10141,0.17,1.81,0.7,1.05,0.9,21
1981,814,BWHA,4,8660,0.17,1.81,0.7,1.05,0.9,21
1982,875,BWHA,4,7163,0.17,1.81,0.7,1.05,0.9,21
1983,912,BWHA,4,6922,0.17,1.81,0.7,1.05,0.9,21
1984,941,BWHA,4,13619,0.17,1.81,0.7,1.05,0.9,21
1985,802,BWHA,4,3415,0.17,1.81,0.7,1.05,0.9,21
1986,822,BWHA,4,13996,0.17,1.81,0.7,1.05,0.9,21
1987,910,BWHA,4,8409,0.17,1.81,0.7,1.05,0.9,21
1988,969,BWHA,4,5944,0.17,1.81,0.7,1.05,0.9,21
1989,921,BWHA,4,7504,0.17,1.81,0.7,1.05,0.9,21
1990,965,BWHA,4,4656,0.19,1.85,0.71,1.08,0.8,21
1991,992,BWHA,4,5858,0.19,1.85,0.71,1.08,0.8,21
1992,957,BWHA,4,10661,0.19,1.85,0.71,1.08,0.8,21
1993,986,BWHA,4,3592,0.19,1.85,0.71,1.08,0.8,21
1994,1057,BWHA,4,3513,0.19,1.85,0.71,1.08,0.8,21
1995,1020,BWHA,4,10077,0.19,1.85,0.71,1.08,0.8,21
1996,1044,BWHA,4,1809,0.19,1.85,0.71,1.08,0.8,21
1997,1050,BWHA,4,5518,0.19,1.85,0.71,1.08,0.8,21
1998,1157,BWHA,4,9935,0.19,1.85,0.71,1.08,0.8,21
1999,1088,BWHA,4,8694,0.19,1.85,0.71,1.08,0.8,21
2000,1126.55,BWHA,4,6435,0.2,1.84,0.71,1.07,0.78,21
2001,1137.37,BWHA,4,3842,0.2,1.84,0.71,1.07,0.78,21
2002,1038.8,BWHA,4,11858,0.2,1.84,0.71,1.07,0.78,21
2003,1034.09,BWHA,4,6122,0.2,1.84,0.71,1.07,0.78,21
2004,1093.45,BWHA,4,6387,0.2,1.84,0.71,1.07,0.78,21
2005,1120.68,BWHA,4,5242,0.2,1.84,0.71,1.07,0.78,21
2006,1066.95,BWHA,4,11798,0.2,1.84,0.71,1.07,0.78,21
2007,1045.15,BWHA,4,7837,0.2,1.84,0.71,1.07,0.78,21
2008,1082.32,BWHA,4,4296,0.2,1.84,0.71,1.07,0.78,21
2009,1032.67,BWHA,4,6441,0.2,1.84,0.71,1.07,0.78,21
2010,1084.85,BWHA,4,6710,0.2,1.84,0.71,1.07,0.78,21
2011,1055.32,BWHA,4,13319,37.86,1.57,300,39.9,66.99,21
2012,1095.45,BWHA,4,8383,37.86,1.57,300,39.9,66.99,21
2013,1098.2,BWHA,4,6436,37.86,1.57,300,39.9,66.99,21
2014,1101.87,BWHA,4,6370,37.86,1.57,300,39.9,66.99,21
2015,1115.33,BWHA,4,5645,37.86,1.57,300,39.9,66.99,21
2016,1114.33,BWHA,4,9363,37.86,1.57,300,39.9,66.99,21
2017,1020.72,BWHA,4,10754,37.86,1.57,300,39.9,66.99,21
2018,1018.6,BWHA,4,7937,37.86,1.57,300,39.9,66.99,21
1946,594,COHA,5,214,0.09,1.65,0.63,1.26,1.39,35
1947,592,COHA,5,128,0.09,1.65,0.63,1.26,1.39,35
1948,577,COHA,5,203,0.09,1.65,0.63,1.26,1.39,35
1949,640,COHA,5,174,0.09,1.65,0.63,1.26,1.39,35
1950,625,COHA,5,271,0.11,1.73,0.6,1,1.21,31
1951,561,COHA,5,235,0.11,1.73,0.6,1,1.21,31
1952,636,COHA,5,308,0.11,1.73,0.6,1,1.21,31
1953,651,COHA,5,155,0.11,1.73,0.6,1,1.21,31
1954,630,COHA,5,190,0.11,1.73,0.6,1,1.21,31
1955,630,COHA,5,281,0.11,1.73,0.6,1,1.21,31
1956,586,COHA,5,122,0.11,1.73,0.6,1,1.21,31
1957,601,COHA,5,200,0.11,1.73,0.6,1,1.21,31
1958,654,COHA,5,180,0.11,1.73,0.6,1,1.21,31
1959,623,COHA,5,180,0.11,1.73,0.6,1,1.21,31
1960,635,COHA,5,123,0.15,1.47,0.7,1.1,1.2,21
1961,673,COHA,5,104,0.15,1.47,0.7,1.1,1.2,21
1962,650,COHA,5,77,0.15,1.47,0.7,1.1,1.2,21
1963,718,COHA,5,74,0.15,1.47,0.7,1.1,1.2,21
1964,711,COHA,5,61,0.15,1.47,0.7,1.1,1.2,21
1965,688,COHA,5,100,0.15,1.47,0.7,1.1,1.2,21
1966,575,COHA,5,82,0.15,1.47,0.7,1.1,1.2,21
1967,552,COHA,5,76,0.15,1.47,0.7,1.1,1.2,21
1968,511,COHA,5,145,0.15,1.47,0.7,1.1,1.2,21
1969,817,COHA,5,111,0.15,1.47,0.7,1.1,1.2,21
1970,459,COHA,5,105,0.15,1.8,0.69,1.05,0.95,20
1971,320,COHA,5,69,0.15,1.8,0.69,1.05,0.95,20
1972,437,COHA,5,114,0.15,1.8,0.69,1.05,0.95,20
1973,518,COHA,5,81,0.15,1.8,0.69,1.05,0.95,20
1974,531,COHA,5,150,0.15,1.8,0.69,1.05,0.95,20
1975,490,COHA,5,126,0.15,1.8,0.69,1.05,0.95,20
1976,557,COHA,5,109,0.15,1.8,0.69,1.05,0.95,20
1977,541,COHA,5,231,0.15,1.8,0.69,1.05,0.95,20
1978,664,COHA,5,153,0.15,1.8,0.69,1.05,0.95,20
1979,752,COHA,5,336,0.15,1.8,0.69,1.05,0.95,20
1980,878,COHA,5,374,0.17,1.81,0.7,1.05,0.9,20
1981,814,COHA,5,756,0.17,1.81,0.7,1.05,0.9,20
1982,875,COHA,5,302,0.17,1.81,0.7,1.05,0.9,20
1983,912,COHA,5,352,0.17,1.81,0.7,1.05,0.9,20
1984,941,COHA,5,171,0.17,1.81,0.7,1.05,0.9,20
1985,802,COHA,5,291,0.17,1.81,0.7,1.05,0.9,20
1986,822,COHA,5,569,0.17,1.81,0.7,1.05,0.9,20
1987,910,COHA,5,590,0.17,1.81,0.7,1.05,0.9,20
1988,969,COHA,5,459,0.17,1.81,0.7,1.05,0.9,20
1989,921,COHA,5,786,0.17,1.81,0.7,1.05,0.9,20
1990,965,COHA,5,642,0.19,1.85,0.71,1.08,0.8,20
1991,992,COHA,5,578,0.19,1.85,0.71,1.08,0.8,20
1992,957,COHA,5,663,0.19,1.85,0.71,1.08,0.8,20
1993,986,COHA,5,562,0.19,1.85,0.71,1.08,0.8,20
1994,1057,COHA,5,573,0.19,1.85,0.71,1.08,0.8,20
1995,1020,COHA,5,643,0.19,1.85,0.71,1.08,0.8,20
1996,1044,COHA,5,536,0.19,1.85,0.71,1.08,0.8,20
1997,1050,COHA,5,723,0.19,1.85,0.71,1.08,0.8,20
1998,1157,COHA,5,1118,0.19,1.85,0.71,1.08,0.8,20
1999,1088,COHA,5,938,0.19,1.85,0.71,1.08,0.8,20
2000,1126.55,COHA,5,750,0.2,1.84,0.71,1.07,0.78,20
2001,1137.37,COHA,5,900,0.2,1.84,0.71,1.07,0.78,20
2002,1038.8,COHA,5,599,0.2,1.84,0.71,1.07,0.78,20
2003,1034.09,COHA,5,682,0.2,1.84,0.71,1.07,0.78,20
2004,1093.45,COHA,5,536,0.2,1.84,0.71,1.07,0.78,20
2005,1120.68,COHA,5,1124,0.2,1.84,0.71,1.07,0.78,20
2006,1066.95,COHA,5,931,0.2,1.84,0.71,1.07,0.78,20
2007,1045.15,COHA,5,742,0.2,1.84,0.71,1.07,0.78,20
2008,1082.32,COHA,5,530,0.2,1.84,0.71,1.07,0.78,20
2009,1032.67,COHA,5,612,0.2,1.84,0.71,1.07,0.78,20
2010,1084.85,COHA,5,756,0.2,1.84,0.71,1.07,0.78,20
2011,1055.32,COHA,5,558,37.86,1.57,300,39.9,66.99,20
2012,1095.45,COHA,5,580,37.86,1.57,300,39.9,66.99,20
2013,1098.2,COHA,5,396,37.86,1.57,300,39.9,66.99,20
2014,1101.87,COHA,5,554,37.86,1.57,300,39.9,66.99,20
2015,1115.33,COHA,5,396,37.86,1.57,300,39.9,66.99,20
2016,1114.33,COHA,5,369,37.86,1.57,300,39.9,66.99,20
2017,1020.72,COHA,5,357,37.86,1.57,300,39.9,66.99,20
2018,1018.6,COHA,5,597,37.86,1.57,300,39.9,66.99,20
1946,594,GOEA,6,68,0.09,1.65,0.63,1.26,1.39,35
1947,592,GOEA,6,33,0.09,1.65,0.63,1.26,1.39,35
1948,577,GOEA,6,41,0.09,1.65,0.63,1.26,1.39,35
1949,640,GOEA,6,47,0.09,1.65,0.63,1.26,1.39,35
1950,625,GOEA,6,65,0.11,1.73,0.6,1,1.21,31
1951,561,GOEA,6,55,0.11,1.73,0.6,1,1.21,31
1952,636,GOEA,6,81,0.11,1.73,0.6,1,1.21,31
1953,651,GOEA,6,30,0.11,1.73,0.6,1,1.21,31
1954,630,GOEA,6,40,0.11,1.73,0.6,1,1.21,31
1955,630,GOEA,6,57,0.11,1.73,0.6,1,1.21,31
1956,586,GOEA,6,42,0.11,1.73,0.6,1,1.21,31
1957,601,GOEA,6,37,0.11,1.73,0.6,1,1.21,31
1958,654,GOEA,6,39,0.11,1.73,0.6,1,1.21,31
1959,623,GOEA,6,31,0.11,1.73,0.6,1,1.21,31
1960,635,GOEA,6,23,0.15,1.47,0.7,1.1,1.2,21
1961,673,GOEA,6,48,0.15,1.47,0.7,1.1,1.2,21
1962,650,GOEA,6,37,0.15,1.47,0.7,1.1,1.2,21
1963,718,GOEA,6,23,0.15,1.47,0.7,1.1,1.2,21
1964,711,GOEA,6,24,0.15,1.47,0.7,1.1,1.2,21
1965,688,GOEA,6,34,0.15,1.47,0.7,1.1,1.2,21
1966,575,GOEA,6,12,0.15,1.47,0.7,1.1,1.2,21
1967,552,GOEA,6,30,0.15,1.47,0.7,1.1,1.2,21
1968,511,GOEA,6,27,0.15,1.47,0.7,1.1,1.2,21
1969,817,GOEA,6,22,0.15,1.47,0.7,1.1,1.2,21
1970,459,GOEA,6,15,0.15,1.8,0.69,1.05,0.95,18
1971,320,GOEA,6,23,0.15,1.8,0.69,1.05,0.95,18
1972,437,GOEA,6,33,0.15,1.8,0.69,1.05,0.95,18
1973,518,GOEA,6,46,0.15,1.8,0.69,1.05,0.95,18
1974,531,GOEA,6,27,0.15,1.8,0.69,1.05,0.95,18
1975,490,GOEA,6,27,0.15,1.8,0.69,1.05,0.95,18
1976,557,GOEA,6,40,0.15,1.8,0.69,1.05,0.95,18
1977,541,GOEA,6,28,0.15,1.8,0.69,1.05,0.95,18
1978,664,GOEA,6,28,0.15,1.8,0.69,1.05,0.95,18
1979,752,GOEA,6,33,0.15,1.8,0.69,1.05,0.95,18
1980,878,GOEA,6,63,0.17,1.81,0.7,1.05,0.9,18
1981,814,GOEA,6,52,0.17,1.81,0.7,1.05,0.9,18
1982,875,GOEA,6,53,0.17,1.81,0.7,1.05,0.9,18
1983,912,GOEA,6,56,0.17,1.81,0.7,1.05,0.9,18
1984,941,GOEA,6,36,0.17,1.81,0.7,1.05,0.9,18
1985,802,GOEA,6,58,0.17,1.81,0.7,1.05,0.9,18
1986,822,GOEA,6,43,0.17,1.81,0.7,1.05,0.9,18
1987,910,GOEA,6,98,0.17,1.81,0.7,1.05,0.9,18
1988,969,GOEA,6,66,0.17,1.81,0.7,1.05,0.9,18
1989,921,GOEA,6,45,0.17,1.81,0.7,1.05,0.9,18
1990,965,GOEA,6,77,0.19,1.85,0.71,1.08,0.8,18
1991,992,GOEA,6,58,0.19,1.85,0.71,1.08,0.8,18
1992,957,GOEA,6,56,0.19,1.85,0.71,1.08,0.8,18
1993,986,GOEA,6,70,0.19,1.85,0.71,1.08,0.8,18
1994,1057,GOEA,6,85,0.19,1.85,0.71,1.08,0.8,18
1995,1020,GOEA,6,100,0.19,1.85,0.71,1.08,0.8,18
1996,1044,GOEA,6,86,0.19,1.85,0.71,1.08,0.8,18
1997,1050,GOEA,6,98,0.19,1.85,0.71,1.08,0.8,18
1998,1157,GOEA,6,145,0.19,1.85,0.71,1.08,0.8,18
1999,1088,GOEA,6,129,0.19,1.85,0.71,1.08,0.8,18
2000,1126.55,GOEA,6,94,0.2,1.84,0.71,1.07,0.78,18
2001,1137.37,GOEA,6,89,0.2,1.84,0.71,1.07,0.78,18
2002,1038.8,GOEA,6,125,0.2,1.84,0.71,1.07,0.78,18
2003,1034.09,GOEA,6,160,0.2,1.84,0.71,1.07,0.78,18
2004,1093.45,GOEA,6,89,0.2,1.84,0.71,1.07,0.78,18
2005,1120.68,GOEA,6,124,0.2,1.84,0.71,1.07,0.78,18
2006,1066.95,GOEA,6,158,0.2,1.84,0.71,1.07,0.78,18
2007,1045.15,GOEA,6,97,0.2,1.84,0.71,1.07,0.78,18
2008,1082.32,GOEA,6,131,0.2,1.84,0.71,1.07,0.78,18
2009,1032.67,GOEA,6,77,0.2,1.84,0.71,1.07,0.78,18
2010,1084.85,GOEA,6,142,0.2,1.84,0.71,1.07,0.78,18
2011,1055.32,GOEA,6,132,37.86,1.57,300,39.9,66.99,18
2012,1095.45,GOEA,6,150,37.86,1.57,300,39.9,66.99,18
2013,1098.2,GOEA,6,162,37.86,1.57,300,39.9,66.99,18
2014,1101.87,GOEA,6,161,37.86,1.57,300,39.9,66.99,18
2015,1115.33,GOEA,6,117,37.86,1.57,300,39.9,66.99,18
2016,1114.33,GOEA,6,127,37.86,1.57,300,39.9,66.99,18
2017,1020.72,GOEA,6,101,37.86,1.57,300,39.9,66.99,18
2018,1018.6,GOEA,6,145,37.86,1.57,300,39.9,66.99,18
1946,594,MERL,7,20,0.09,1.65,0.63,1.26,1.39,35
1947,592,MERL,7,10,0.09,1.65,0.63,1.26,1.39,35
1948,577,MERL,7,19,0.09,1.65,0.63,1.26,1.39,35
1949,640,MERL,7,24,0.09,1.65,0.63,1.26,1.39,35
1950,625,MERL,7,44,0.11,1.73,0.6,1,1.21,31
1951,561,MERL,7,15,0.11,1.73,0.6,1,1.21,31
1952,636,MERL,7,47,0.11,1.73,0.6,1,1.21,31
1953,651,MERL,7,11,0.11,1.73,0.6,1,1.21,31
1954,630,MERL,7,22,0.11,1.73,0.6,1,1.21,31
1955,630,MERL,7,23,0.11,1.73,0.6,1,1.21,31
1956,586,MERL,7,10,0.11,1.73,0.6,1,1.21,31
1957,601,MERL,7,21,0.11,1.73,0.6,1,1.21,31
1958,654,MERL,7,19,0.11,1.73,0.6,1,1.21,31
1959,623,MERL,7,17,0.11,1.73,0.6,1,1.21,31
1960,635,MERL,7,25,0.15,1.47,0.7,1.1,1.2,21
1961,673,MERL,7,13,0.15,1.47,0.7,1.1,1.2,21
1962,650,MERL,7,20,0.15,1.47,0.7,1.1,1.2,21
1963,718,MERL,7,26,0.15,1.47,0.7,1.1,1.2,21
1964,711,MERL,7,10,0.15,1.47,0.7,1.1,1.2,21
1965,688,MERL,7,20,0.15,1.47,0.7,1.1,1.2,21
1966,575,MERL,7,21,0.15,1.47,0.7,1.1,1.2,21
1967,552,MERL,7,16,0.15,1.47,0.7,1.1,1.2,21
1968,511,MERL,7,13,0.15,1.47,0.7,1.1,1.2,21
1969,817,MERL,7,27,0.15,1.47,0.7,1.1,1.2,21
1970,459,MERL,7,15,0.15,1.8,0.69,1.05,0.95,15
1971,320,MERL,7,12,0.15,1.8,0.69,1.05,0.95,15
1972,437,MERL,7,7,0.15,1.8,0.69,1.05,0.95,15
1973,518,MERL,7,13,0.15,1.8,0.69,1.05,0.95,15
1974,531,MERL,7,10,0.15,1.8,0.69,1.05,0.95,15
1975,490,MERL,7,19,0.15,1.8,0.69,1.05,0.95,15
1976,557,MERL,7,20,0.15,1.8,0.69,1.05,0.95,15
1977,541,MERL,7,27,0.15,1.8,0.69,1.05,0.95,15
1978,664,MERL,7,16,0.15,1.8,0.69,1.05,0.95,15
1979,752,MERL,7,52,0.15,1.8,0.69,1.05,0.95,15
1980,878,MERL,7,29,0.17,1.81,0.7,1.05,0.9,15
1981,814,MERL,7,47,0.17,1.81,0.7,1.05,0.9,15
1982,875,MERL,7,20,0.17,1.81,0.7,1.05,0.9,15
1983,912,MERL,7,21,0.17,1.81,0.7,1.05,0.9,15
1984,941,MERL,7,21,0.17,1.81,0.7,1.05,0.9,15
1985,802,MERL,7,36,0.17,1.81,0.7,1.05,0.9,15
1986,822,MERL,7,78,0.17,1.81,0.7,1.05,0.9,15
1987,910,MERL,7,51,0.17,1.81,0.7,1.05,0.9,15
1988,969,MERL,7,49,0.17,1.81,0.7,1.05,0.9,15
1989,921,MERL,7,157,0.17,1.81,0.7,1.05,0.9,15
1990,965,MERL,7,144,0.19,1.85,0.71,1.08,0.8,15
1991,992,MERL,7,90,0.19,1.85,0.71,1.08,0.8,15
1992,957,MERL,7,73,0.19,1.85,0.71,1.08,0.8,15
1993,986,MERL,7,80,0.19,1.85,0.71,1.08,0.8,15
1994,1057,MERL,7,54,0.19,1.85,0.71,1.08,0.8,15
1995,1020,MERL,7,168,0.19,1.85,0.71,1.08,0.8,15
1996,1044,MERL,7,125,0.19,1.85,0.71,1.08,0.8,15
1997,1050,MERL,7,150,0.19,1.85,0.71,1.08,0.8,15
1998,1157,MERL,7,148,0.19,1.85,0.71,1.08,0.8,15
1999,1088,MERL,7,127,0.19,1.85,0.71,1.08,0.8,15
2000,1126.55,MERL,7,169,0.2,1.84,0.71,1.07,0.78,15
2001,1137.37,MERL,7,176,0.2,1.84,0.71,1.07,0.78,15
2002,1038.8,MERL,7,119,0.2,1.84,0.71,1.07,0.78,15
2003,1034.09,MERL,7,97,0.2,1.84,0.71,1.07,0.78,15
2004,1093.45,MERL,7,100,0.2,1.84,0.71,1.07,0.78,15
2005,1120.68,MERL,7,198,0.2,1.84,0.71,1.07,0.78,15
2006,1066.95,MERL,7,203,0.2,1.84,0.71,1.07,0.78,15
2007,1045.15,MERL,7,231,0.2,1.84,0.71,1.07,0.78,15
2008,1082.32,MERL,7,129,0.2,1.84,0.71,1.07,0.78,15
2009,1032.67,MERL,7,162,0.2,1.84,0.71,1.07,0.78,15
2010,1084.85,MERL,7,229,0.2,1.84,0.71,1.07,0.78,15
2011,1055.32,MERL,7,141,37.86,1.57,300,39.9,66.99,15
2012,1095.45,MERL,7,164,37.86,1.57,300,39.9,66.99,15
2013,1098.2,MERL,7,138,37.86,1.57,300,39.9,66.99,15
2014,1101.87,MERL,7,189,37.86,1.57,300,39.9,66.99,15
2015,1115.33,MERL,7,178,37.86,1.57,300,39.9,66.99,15
2016,1114.33,MERL,7,192,37.86,1.57,300,39.9,66.99,15
2017,1020.72,MERL,7,122,37.86,1.57,300,39.9,66.99,15
2018,1018.6,MERL,7,245,37.86,1.57,300,39.9,66.99,15
1946,594,NOGO,8,32,0.09,1.65,0.63,1.26,1.39,35
1947,592,NOGO,8,5,0.09,1.65,0.63,1.26,1.39,35
1948,577,NOGO,8,14,0.09,1.65,0.63,1.26,1.39,35
1949,640,NOGO,8,7,0.09,1.65,0.63,1.26,1.39,35
1950,625,NOGO,8,6,0.11,1.73,0.6,1,1.21,31
1951,561,NOGO,8,21,0.11,1.73,0.6,1,1.21,31
1952,636,NOGO,8,7,0.11,1.73,0.6,1,1.21,31
1953,651,NOGO,8,3,0.11,1.73,0.6,1,1.21,31
1954,630,NOGO,8,90,0.11,1.73,0.6,1,1.21,31
1955,630,NOGO,8,40,0.11,1.73,0.6,1,1.21,31
1956,586,NOGO,8,7,0.11,1.73,0.6,1,1.21,31
1957,601,NOGO,8,82,0.11,1.73,0.6,1,1.21,31
1958,654,NOGO,8,18,0.11,1.73,0.6,1,1.21,31
1959,623,NOGO,8,25,0.11,1.73,0.6,1,1.21,31
1960,635,NOGO,8,11,0.15,1.47,0.7,1.1,1.2,21
1961,673,NOGO,8,83,0.15,1.47,0.7,1.1,1.2,21
1962,650,NOGO,8,34,0.15,1.47,0.7,1.1,1.2,21
1963,718,NOGO,8,26,0.15,1.47,0.7,1.1,1.2,21
1964,711,NOGO,8,17,0.15,1.47,0.7,1.1,1.2,21
1965,688,NOGO,8,102,0.15,1.47,0.7,1.1,1.2,21
1966,575,NOGO,8,22,0.15,1.47,0.7,1.1,1.2,21
1967,552,NOGO,8,25,0.15,1.47,0.7,1.1,1.2,21
1968,511,NOGO,8,182,0.15,1.47,0.7,1.1,1.2,21
1969,817,NOGO,8,124,0.15,1.47,0.7,1.1,1.2,21
1970,459,NOGO,8,75,0.15,1.8,0.69,1.05,0.95,15
1971,320,NOGO,8,33,0.15,1.8,0.69,1.05,0.95,15
1972,437,NOGO,8,347,0.15,1.8,0.69,1.05,0.95,15
1973,518,NOGO,8,307,0.15,1.8,0.69,1.05,0.95,15
1974,531,NOGO,8,61,0.15,1.8,0.69,1.05,0.95,15
1975,490,NOGO,8,136,0.15,1.8,0.69,1.05,0.95,15
1976,557,NOGO,8,62,0.15,1.8,0.69,1.05,0.95,15
1977,541,NOGO,8,85,0.15,1.8,0.69,1.05,0.95,15
1978,664,NOGO,8,58,0.15,1.8,0.69,1.05,0.95,15
1979,752,NOGO,8,68,0.15,1.8,0.69,1.05,0.95,15
1980,878,NOGO,8,83,0.17,1.81,0.7,1.05,0.9,15
1981,814,NOGO,8,138,0.17,1.81,0.7,1.05,0.9,15
1982,875,NOGO,8,140,0.17,1.81,0.7,1.05,0.9,15
1983,912,NOGO,8,129,0.17,1.81,0.7,1.05,0.9,15
1984,941,NOGO,8,59,0.17,1.81,0.7,1.05,0.9,15
1985,802,NOGO,8,50,0.17,1.81,0.7,1.05,0.9,15
1986,822,NOGO,8,106,0.17,1.81,0.7,1.05,0.9,15
1987,910,NOGO,8,57,0.17,1.81,0.7,1.05,0.9,15
1988,969,NOGO,8,50,0.17,1.81,0.7,1.05,0.9,15
1989,921,NOGO,8,27,0.17,1.81,0.7,1.05,0.9,15
1990,965,NOGO,8,88,0.19,1.85,0.71,1.08,0.8,15
1991,992,NOGO,8,54,0.19,1.85,0.71,1.08,0.8,15
1992,957,NOGO,8,43,0.19,1.85,0.71,1.08,0.8,15
1993,986,NOGO,8,110,0.19,1.85,0.71,1.08,0.8,15
1994,1057,NOGO,8,34,0.19,1.85,0.71,1.08,0.8,15
1995,1020,NOGO,8,120,0.19,1.85,0.71,1.08,0.8,15
1996,1044,NOGO,8,41,0.19,1.85,0.71,1.08,0.8,15
1997,1050,NOGO,8,92,0.19,1.85,0.71,1.08,0.8,15
1998,1157,NOGO,8,36,0.19,1.85,0.71,1.08,0.8,15
1999,1088,NOGO,8,171,0.19,1.85,0.71,1.08,0.8,15
2000,1126.55,NOGO,8,34,0.2,1.84,0.71,1.07,0.78,15
2001,1137.37,NOGO,8,122,0.2,1.84,0.71,1.07,0.78,15
2002,1038.8,NOGO,8,43,0.2,1.84,0.71,1.07,0.78,15
2003,1034.09,NOGO,8,62,0.2,1.84,0.71,1.07,0.78,15
2004,1093.45,NOGO,8,31,0.2,1.84,0.71,1.07,0.78,15
2005,1120.68,NOGO,8,54,0.2,1.84,0.71,1.07,0.78,15
2006,1066.95,NOGO,8,15,0.2,1.84,0.71,1.07,0.78,15
2007,1045.15,NOGO,8,43,0.2,1.84,0.71,1.07,0.78,15
2008,1082.32,NOGO,8,25,0.2,1.84,0.71,1.07,0.78,15
2009,1032.67,NOGO,8,25,0.2,1.84,0.71,1.07,0.78,15
2010,1084.85,NOGO,8,52,0.2,1.84,0.71,1.07,0.78,15
2011,1055.32,NOGO,8,30,37.86,1.57,300,39.9,66.99,15
2012,1095.45,NOGO,8,63,37.86,1.57,300,39.9,66.99,15
2013,1098.2,NOGO,8,30,37.86,1.57,300,39.9,66.99,15
2014,1101.87,NOGO,8,23,37.86,1.57,300,39.9,66.99,15
2015,1115.33,NOGO,8,9,37.86,1.57,300,39.9,66.99,15
2016,1114.33,NOGO,8,35,37.86,1.57,300,39.9,66.99,15
2017,1020.72,NOGO,8,3,37.86,1.57,300,39.9,66.99,15
2018,1018.6,NOGO,8,19,37.86,1.57,300,39.9,66.99,15
1946,594,NOHA,9,169,0.09,1.65,0.63,1.26,1.39,35
1947,592,NOHA,9,176,0.09,1.65,0.63,1.26,1.39,35
1948,577,NOHA,9,185,0.09,1.65,0.63,1.26,1.39,35
1949,640,NOHA,9,209,0.09,1.65,0.63,1.26,1.39,35
1950,625,NOHA,9,213,0.11,1.73,0.6,1,1.21,31
1951,561,NOHA,9,214,0.11,1.73,0.6,1,1.21,31
1952,636,NOHA,9,312,0.11,1.73,0.6,1,1.21,31
1953,651,NOHA,9,252,0.11,1.73,0.6,1,1.21,31
1954,630,NOHA,9,158,0.11,1.73,0.6,1,1.21,31
1955,630,NOHA,9,224,0.11,1.73,0.6,1,1.21,31
1956,586,NOHA,9,136,0.11,1.73,0.6,1,1.21,31
1957,601,NOHA,9,192,0.11,1.73,0.6,1,1.21,31
1958,654,NOHA,9,201,0.11,1.73,0.6,1,1.21,31
1959,623,NOHA,9,252,0.11,1.73,0.6,1,1.21,31
1960,635,NOHA,9,229,0.15,1.47,0.7,1.1,1.2,21
1961,673,NOHA,9,261,0.15,1.47,0.7,1.1,1.2,21
1962,650,NOHA,9,182,0.15,1.47,0.7,1.1,1.2,21
1963,718,NOHA,9,175,0.15,1.47,0.7,1.1,1.2,21
1964,711,NOHA,9,185,0.15,1.47,0.7,1.1,1.2,21
1965,688,NOHA,9,182,0.15,1.47,0.7,1.1,1.2,21
1966,575,NOHA,9,160,0.15,1.47,0.7,1.1,1.2,21
1967,552,NOHA,9,147,0.15,1.47,0.7,1.1,1.2,21
1968,511,NOHA,9,240,0.15,1.47,0.7,1.1,1.2,21
1969,817,NOHA,9,221,0.15,1.47,0.7,1.1,1.2,21
1970,459,NOHA,9,249,0.15,1.8,0.69,1.05,0.95,18
1971,320,NOHA,9,136,0.15,1.8,0.69,1.05,0.95,18
1972,437,NOHA,9,154,0.15,1.8,0.69,1.05,0.95,18
1973,518,NOHA,9,177,0.15,1.8,0.69,1.05,0.95,18
1974,531,NOHA,9,163,0.15,1.8,0.69,1.05,0.95,18
1975,490,NOHA,9,267,0.15,1.8,0.69,1.05,0.95,18
1976,557,NOHA,9,248,0.15,1.8,0.69,1.05,0.95,18
1977,541,NOHA,9,288,0.15,1.8,0.69,1.05,0.95,18
1978,664,NOHA,9,183,0.15,1.8,0.69,1.05,0.95,18
1979,752,NOHA,9,235,0.15,1.8,0.69,1.05,0.95,18
1980,878,NOHA,9,475,0.17,1.81,0.7,1.05,0.9,18
1981,814,NOHA,9,280,0.17,1.81,0.7,1.05,0.9,18
1982,875,NOHA,9,293,0.17,1.81,0.7,1.05,0.9,18
1983,912,NOHA,9,318,0.17,1.81,0.7,1.05,0.9,18
1984,941,NOHA,9,317,0.17,1.81,0.7,1.05,0.9,18
1985,802,NOHA,9,368,0.17,1.81,0.7,1.05,0.9,18
1986,822,NOHA,9,304,0.17,1.81,0.7,1.05,0.9,18
1987,910,NOHA,9,356,0.17,1.81,0.7,1.05,0.9,18
1988,969,NOHA,9,306,0.17,1.81,0.7,1.05,0.9,18
1989,921,NOHA,9,401,0.17,1.81,0.7,1.05,0.9,18
1990,965,NOHA,9,318,0.19,1.85,0.71,1.08,0.8,18
1991,992,NOHA,9,197,0.19,1.85,0.71,1.08,0.8,18
1992,957,NOHA,9,162,0.19,1.85,0.71,1.08,0.8,18
1993,986,NOHA,9,355,0.19,1.85,0.71,1.08,0.8,18
1994,1057,NOHA,9,296,0.19,1.85,0.71,1.08,0.8,18
1995,1020,NOHA,9,272,0.19,1.85,0.71,1.08,0.8,18
1996,1044,NOHA,9,129,0.19,1.85,0.71,1.08,0.8,18
1997,1050,NOHA,9,213,0.19,1.85,0.71,1.08,0.8,18
1998,1157,NOHA,9,305,0.19,1.85,0.71,1.08,0.8,18
1999,1088,NOHA,9,315,0.19,1.85,0.71,1.08,0.8,18
2000,1126.55,NOHA,9,140,0.2,1.84,0.71,1.07,0.78,18
2001,1137.37,NOHA,9,255,0.2,1.84,0.71,1.07,0.78,18
2002,1038.8,NOHA,9,181,0.2,1.84,0.71,1.07,0.78,18
2003,1034.09,NOHA,9,254,0.2,1.84,0.71,1.07,0.78,18
2004,1093.45,NOHA,9,187,0.2,1.84,0.71,1.07,0.78,18
2005,1120.68,NOHA,9,209,0.2,1.84,0.71,1.07,0.78,18
2006,1066.95,NOHA,9,275,0.2,1.84,0.71,1.07,0.78,18
2007,1045.15,NOHA,9,275,0.2,1.84,0.71,1.07,0.78,18
2008,1082.32,NOHA,9,143,0.2,1.84,0.71,1.07,0.78,18
2009,1032.67,NOHA,9,147,0.2,1.84,0.71,1.07,0.78,18
2010,1084.85,NOHA,9,180,0.2,1.84,0.71,1.07,0.78,18
2011,1055.32,NOHA,9,153,37.86,1.57,300,39.9,66.99,18
2012,1095.45,NOHA,9,148,37.86,1.57,300,39.9,66.99,18
2013,1098.2,NOHA,9,109,37.86,1.57,300,39.9,66.99,18
2014,1101.87,NOHA,9,167,37.86,1.57,300,39.9,66.99,18
2015,1115.33,NOHA,9,148,37.86,1.57,300,39.9,66.99,18
2016,1114.33,NOHA,9,118,37.86,1.57,300,39.9,66.99,18
2017,1020.72,NOHA,9,81,37.86,1.57,300,39.9,66.99,18
2018,1018.6,NOHA,9,128,37.86,1.57,300,39.9,66.99,18
1946,594,OSPR,10,188,0.09,1.65,0.63,1.26,1.39,35
1947,592,OSPR,10,215,0.09,1.65,0.63,1.26,1.39,35
1948,577,OSPR,10,174,0.09,1.65,0.63,1.26,1.39,35
1949,640,OSPR,10,209,0.09,1.65,0.63,1.26,1.39,35
1950,625,OSPR,10,309,0.11,1.73,0.6,1,1.21,31
1951,561,OSPR,10,253,0.11,1.73,0.6,1,1.21,31
1952,636,OSPR,10,337,0.11,1.73,0.6,1,1.21,31
1953,651,OSPR,10,328,0.11,1.73,0.6,1,1.21,31
1954,630,OSPR,10,320,0.11,1.73,0.6,1,1.21,31
1955,630,OSPR,10,354,0.11,1.73,0.6,1,1.21,31
1956,586,OSPR,10,284,0.11,1.73,0.6,1,1.21,31
1957,601,OSPR,10,323,0.11,1.73,0.6,1,1.21,31
1958,654,OSPR,10,324,0.11,1.73,0.6,1,1.21,31
1959,623,OSPR,10,312,0.11,1.73,0.6,1,1.21,31
1960,635,OSPR,10,263,0.15,1.47,0.7,1.1,1.2,21
1961,673,OSPR,10,287,0.15,1.47,0.7,1.1,1.2,21
1962,650,OSPR,10,295,0.15,1.47,0.7,1.1,1.2,21
1963,718,OSPR,10,186,0.15,1.47,0.7,1.1,1.2,21
1964,711,OSPR,10,324,0.15,1.47,0.7,1.1,1.2,21
1965,688,OSPR,10,452,0.15,1.47,0.7,1.1,1.2,21
1966,575,OSPR,10,388,0.15,1.47,0.7,1.1,1.2,21
1967,552,OSPR,10,380,0.15,1.47,0.7,1.1,1.2,21
1968,511,OSPR,10,209,0.15,1.47,0.7,1.1,1.2,21
1969,817,OSPR,10,338,0.15,1.47,0.7,1.1,1.2,21
1970,459,OSPR,10,348,0.15,1.8,0.69,1.05,0.95,22
1971,320,OSPR,10,264,0.15,1.8,0.69,1.05,0.95,22
1972,437,OSPR,10,272,0.15,1.8,0.69,1.05,0.95,22
1973,518,OSPR,10,346,0.15,1.8,0.69,1.05,0.95,22
1974,531,OSPR,10,183,0.15,1.8,0.69,1.05,0.95,22
1975,490,OSPR,10,196,0.15,1.8,0.69,1.05,0.95,22
1976,557,OSPR,10,314,0.15,1.8,0.69,1.05,0.95,22
1977,541,OSPR,10,340,0.15,1.8,0.69,1.05,0.95,22
1978,664,OSPR,10,380,0.15,1.8,0.69,1.05,0.95,22
1979,752,OSPR,10,443,0.15,1.8,0.69,1.05,0.95,22
1980,878,OSPR,10,364,0.17,1.81,0.7,1.05,0.9,22
1981,814,OSPR,10,538,0.17,1.81,0.7,1.05,0.9,22
1982,875,OSPR,10,433,0.17,1.81,0.7,1.05,0.9,22
1983,912,OSPR,10,454,0.17,1.81,0.7,1.05,0.9,22
1984,941,OSPR,10,579,0.17,1.81,0.7,1.05,0.9,22
1985,802,OSPR,10,405,0.17,1.81,0.7,1.05,0.9,22
1986,822,OSPR,10,798,0.17,1.81,0.7,1.05,0.9,22
1987,910,OSPR,10,669,0.17,1.81,0.7,1.05,0.9,22
1988,969,OSPR,10,609,0.17,1.81,0.7,1.05,0.9,22
1989,921,OSPR,10,758,0.17,1.81,0.7,1.05,0.9,22
1990,965,OSPR,10,872,0.19,1.85,0.71,1.08,0.8,22
1991,992,OSPR,10,606,0.19,1.85,0.71,1.08,0.8,22
1992,957,OSPR,10,531,0.19,1.85,0.71,1.08,0.8,22
1993,986,OSPR,10,700,0.19,1.85,0.71,1.08,0.8,22
1994,1057,OSPR,10,475,0.19,1.85,0.71,1.08,0.8,22
1995,1020,OSPR,10,468,0.19,1.85,0.71,1.08,0.8,22
1996,1044,OSPR,10,567,0.19,1.85,0.71,1.08,0.8,22
1997,1050,OSPR,10,621,0.19,1.85,0.71,1.08,0.8,22
1998,1157,OSPR,10,617,0.19,1.85,0.71,1.08,0.8,22
1999,1088,OSPR,10,681,0.19,1.85,0.71,1.08,0.8,22
2000,1126.55,OSPR,10,493,0.2,1.84,0.71,1.07,0.78,22
2001,1137.37,OSPR,10,573,0.2,1.84,0.71,1.07,0.78,22
2002,1038.8,OSPR,10,706,0.2,1.84,0.71,1.07,0.78,22
2003,1034.09,OSPR,10,675,0.2,1.84,0.71,1.07,0.78,22
2004,1093.45,OSPR,10,672,0.2,1.84,0.71,1.07,0.78,22
2005,1120.68,OSPR,10,480,0.2,1.84,0.71,1.07,0.78,22
2006,1066.95,OSPR,10,674,0.2,1.84,0.71,1.07,0.78,22
2007,1045.15,OSPR,10,718,0.2,1.84,0.71,1.07,0.78,22
2008,1082.32,OSPR,10,474,0.2,1.84,0.71,1.07,0.78,22
2009,1032.67,OSPR,10,455,0.2,1.84,0.71,1.07,0.78,22
2010,1084.85,OSPR,10,659,0.2,1.84,0.71,1.07,0.78,22
2011,1055.32,OSPR,10,463,37.86,1.57,300,39.9,66.99,22
2012,1095.45,OSPR,10,575,37.86,1.57,300,39.9,66.99,22
2013,1098.2,OSPR,10,388,37.86,1.57,300,39.9,66.99,22
2014,1101.87,OSPR,10,467,37.86,1.57,300,39.9,66.99,22
2015,1115.33,OSPR,10,336,37.86,1.57,300,39.9,66.99,22
2016,1114.33,OSPR,10,345,37.86,1.57,300,39.9,66.99,22
2017,1020.72,OSPR,10,282,37.86,1.57,300,39.9,66.99,22
2018,1018.6,OSPR,10,335,37.86,1.57,300,39.9,66.99,22
1946,594,PEFA,11,26,0.09,1.65,0.63,1.26,1.39,35
1947,592,PEFA,11,18,0.09,1.65,0.63,1.26,1.39,35
1948,577,PEFA,11,33,0.09,1.65,0.63,1.26,1.39,35
1949,640,PEFA,11,35,0.09,1.65,0.63,1.26,1.39,35
1950,625,PEFA,11,33,0.11,1.73,0.6,1,1.21,31
1951,561,PEFA,11,22,0.11,1.73,0.6,1,1.21,31
1952,636,PEFA,11,34,0.11,1.73,0.6,1,1.21,31
1953,651,PEFA,11,13,0.11,1.73,0.6,1,1.21,31
1954,630,PEFA,11,28,0.11,1.73,0.6,1,1.21,31
1955,630,PEFA,11,35,0.11,1.73,0.6,1,1.21,31
1956,586,PEFA,11,16,0.11,1.73,0.6,1,1.21,31
1957,601,PEFA,11,15,0.11,1.73,0.6,1,1.21,31
1958,654,PEFA,11,23,0.11,1.73,0.6,1,1.21,31
1959,623,PEFA,11,35,0.11,1.73,0.6,1,1.21,31
1960,635,PEFA,11,18,0.15,1.47,0.7,1.1,1.2,21
1961,673,PEFA,11,20,0.15,1.47,0.7,1.1,1.2,21
1962,650,PEFA,11,30,0.15,1.47,0.7,1.1,1.2,21
1963,718,PEFA,11,21,0.15,1.47,0.7,1.1,1.2,21
1964,711,PEFA,11,19,0.15,1.47,0.7,1.1,1.2,21
1965,688,PEFA,11,13,0.15,1.47,0.7,1.1,1.2,21
1966,575,PEFA,11,22,0.15,1.47,0.7,1.1,1.2,21
1967,552,PEFA,11,16,0.15,1.47,0.7,1.1,1.2,21
1968,511,PEFA,11,12,0.15,1.47,0.7,1.1,1.2,21
1969,817,PEFA,11,17,0.15,1.47,0.7,1.1,1.2,21
1970,459,PEFA,11,17,0.15,1.8,0.69,1.05,0.95,27
1971,320,PEFA,11,9,0.15,1.8,0.69,1.05,0.95,27
1972,437,PEFA,11,6,0.15,1.8,0.69,1.05,0.95,27
1973,518,PEFA,11,9,0.15,1.8,0.69,1.05,0.95,27
1974,531,PEFA,11,7,0.15,1.8,0.69,1.05,0.95,27
1975,490,PEFA,11,6,0.15,1.8,0.69,1.05,0.95,27
1976,557,PEFA,11,8,0.15,1.8,0.69,1.05,0.95,27
1977,541,PEFA,11,11,0.15,1.8,0.69,1.05,0.95,27
1978,664,PEFA,11,9,0.15,1.8,0.69,1.05,0.95,27
1979,752,PEFA,11,14,0.15,1.8,0.69,1.05,0.95,27
1980,878,PEFA,11,9,0.17,1.81,0.7,1.05,0.9,27
1981,814,PEFA,11,20,0.17,1.81,0.7,1.05,0.9,27
1982,875,PEFA,11,6,0.17,1.81,0.7,1.05,0.9,27
1983,912,PEFA,11,8,0.17,1.81,0.7,1.05,0.9,27
1984,941,PEFA,11,8,0.17,1.81,0.7,1.05,0.9,27
1985,802,PEFA,11,12,0.17,1.81,0.7,1.05,0.9,27
1986,822,PEFA,11,25,0.17,1.81,0.7,1.05,0.9,27
1987,910,PEFA,11,31,0.17,1.81,0.7,1.05,0.9,27
1988,969,PEFA,11,15,0.17,1.81,0.7,1.05,0.9,27
1989,921,PEFA,11,51,0.17,1.81,0.7,1.05,0.9,27
1990,965,PEFA,11,48,0.19,1.85,0.71,1.08,0.8,27
1991,992,PEFA,11,44,0.19,1.85,0.71,1.08,0.8,27
1992,957,PEFA,11,41,0.19,1.85,0.71,1.08,0.8,27
1993,986,PEFA,11,50,0.19,1.85,0.71,1.08,0.8,27
1994,1057,PEFA,11,24,0.19,1.85,0.71,1.08,0.8,27
1995,1020,PEFA,11,28,0.19,1.85,0.71,1.08,0.8,27
1996,1044,PEFA,11,39,0.19,1.85,0.71,1.08,0.8,27
1997,1050,PEFA,11,60,0.19,1.85,0.71,1.08,0.8,27
1998,1157,PEFA,11,55,0.19,1.85,0.71,1.08,0.8,27
1999,1088,PEFA,11,48,0.19,1.85,0.71,1.08,0.8,27
2000,1126.55,PEFA,11,47,0.2,1.84,0.71,1.07,0.78,27
2001,1137.37,PEFA,11,36,0.2,1.84,0.71,1.07,0.78,27
2002,1038.8,PEFA,11,62,0.2,1.84,0.71,1.07,0.78,27
2003,1034.09,PEFA,11,55,0.2,1.84,0.71,1.07,0.78,27
2004,1093.45,PEFA,11,44,0.2,1.84,0.71,1.07,0.78,27
2005,1120.68,PEFA,11,54,0.2,1.84,0.71,1.07,0.78,27
2006,1066.95,PEFA,11,62,0.2,1.84,0.71,1.07,0.78,27
2007,1045.15,PEFA,11,38,0.2,1.84,0.71,1.07,0.78,27
2008,1082.32,PEFA,11,61,0.2,1.84,0.71,1.07,0.78,27
2009,1032.67,PEFA,11,68,0.2,1.84,0.71,1.07,0.78,27
2010,1084.85,PEFA,11,68,0.2,1.84,0.71,1.07,0.78,27
2011,1055.32,PEFA,11,56,37.86,1.57,300,39.9,66.99,27
2012,1095.45,PEFA,11,54,37.86,1.57,300,39.9,66.99,27
2013,1098.2,PEFA,11,47,37.86,1.57,300,39.9,66.99,27
2014,1101.87,PEFA,11,90,37.86,1.57,300,39.9,66.99,27
2015,1115.33,PEFA,11,56,37.86,1.57,300,39.9,66.99,27
2016,1114.33,PEFA,11,48,37.86,1.57,300,39.9,66.99,27
2017,1020.72,PEFA,11,67,37.86,1.57,300,39.9,66.99,27
2018,1018.6,PEFA,11,61,37.86,1.57,300,39.9,66.99,27
1946,594,RLHA,12,0,0.09,1.65,0.63,1.26,1.39,35
1947,592,RLHA,12,0,0.09,1.65,0.63,1.26,1.39,35
1948,577,RLHA,12,9,0.09,1.65,0.63,1.26,1.39,35
1949,640,RLHA,12,16,0.09,1.65,0.63,1.26,1.39,35
1950,625,RLHA,12,2,0.11,1.73,0.6,1,1.21,31
1951,561,RLHA,12,0,0.11,1.73,0.6,1,1.21,31
1952,636,RLHA,12,9,0.11,1.73,0.6,1,1.21,31
1953,651,RLHA,12,2,0.11,1.73,0.6,1,1.21,31
1954,630,RLHA,12,3,0.11,1.73,0.6,1,1.21,31
1955,630,RLHA,12,0,0.11,1.73,0.6,1,1.21,31
1956,586,RLHA,12,10,0.11,1.73,0.6,1,1.21,31
1957,601,RLHA,12,7,0.11,1.73,0.6,1,1.21,31
1958,654,RLHA,12,1,0.11,1.73,0.6,1,1.21,31
1959,623,RLHA,12,10,0.11,1.73,0.6,1,1.21,31
1960,635,RLHA,12,25,0.15,1.47,0.7,1.1,1.2,21
1961,673,RLHA,12,31,0.15,1.47,0.7,1.1,1.2,21
1962,650,RLHA,12,7,0.15,1.47,0.7,1.1,1.2,21
1963,718,RLHA,12,6,0.15,1.47,0.7,1.1,1.2,21
1964,711,RLHA,12,14,0.15,1.47,0.7,1.1,1.2,21
1965,688,RLHA,12,4,0.15,1.47,0.7,1.1,1.2,21
1966,575,RLHA,12,3,0.15,1.47,0.7,1.1,1.2,21
1967,552,RLHA,12,5,0.15,1.47,0.7,1.1,1.2,21
1968,511,RLHA,12,5,0.15,1.47,0.7,1.1,1.2,21
1969,817,RLHA,12,13,0.15,1.47,0.7,1.1,1.2,21
1970,459,RLHA,12,10,0.15,1.8,0.69,1.05,0.95,30
1971,320,RLHA,12,7,0.15,1.8,0.69,1.05,0.95,30
1972,437,RLHA,12,6,0.15,1.8,0.69,1.05,0.95,30
1973,518,RLHA,12,8,0.15,1.8,0.69,1.05,0.95,30
1974,531,RLHA,12,17,0.15,1.8,0.69,1.05,0.95,30
1975,490,RLHA,12,9,0.15,1.8,0.69,1.05,0.95,30
1976,557,RLHA,12,13,0.15,1.8,0.69,1.05,0.95,30
1977,541,RLHA,12,17,0.15,1.8,0.69,1.05,0.95,30
1978,664,RLHA,12,7,0.15,1.8,0.69,1.05,0.95,30
1979,752,RLHA,12,14,0.15,1.8,0.69,1.05,0.95,30
1980,878,RLHA,12,23,0.17,1.81,0.7,1.05,0.9,30
1981,814,RLHA,12,18,0.17,1.81,0.7,1.05,0.9,30
1982,875,RLHA,12,17,0.17,1.81,0.7,1.05,0.9,30
1983,912,RLHA,12,14,0.17,1.81,0.7,1.05,0.9,30
1984,941,RLHA,12,5,0.17,1.81,0.7,1.05,0.9,30
1985,802,RLHA,12,12,0.17,1.81,0.7,1.05,0.9,30
1986,822,RLHA,12,11,0.17,1.81,0.7,1.05,0.9,30
1987,910,RLHA,12,22,0.17,1.81,0.7,1.05,0.9,30
1988,969,RLHA,12,14,0.17,1.81,0.7,1.05,0.9,30
1989,921,RLHA,12,12,0.17,1.81,0.7,1.05,0.9,30
1990,965,RLHA,12,21,0.19,1.85,0.71,1.08,0.8,30
1991,992,RLHA,12,9,0.19,1.85,0.71,1.08,0.8,30
1992,957,RLHA,12,4,0.19,1.85,0.71,1.08,0.8,30
1993,986,RLHA,12,6,0.19,1.85,0.71,1.08,0.8,30
1994,1057,RLHA,12,9,0.19,1.85,0.71,1.08,0.8,30
1995,1020,RLHA,12,9,0.19,1.85,0.71,1.08,0.8,30
1996,1044,RLHA,12,4,0.19,1.85,0.71,1.08,0.8,30
1997,1050,RLHA,12,24,0.19,1.85,0.71,1.08,0.8,30
1998,1157,RLHA,12,6,0.19,1.85,0.71,1.08,0.8,30
1999,1088,RLHA,12,14,0.19,1.85,0.71,1.08,0.8,30
2000,1126.55,RLHA,12,5,0.2,1.84,0.71,1.07,0.78,30
2001,1137.37,RLHA,12,3,0.2,1.84,0.71,1.07,0.78,30
2002,1038.8,RLHA,12,5,0.2,1.84,0.71,1.07,0.78,30
2003,1034.09,RLHA,12,10,0.2,1.84,0.71,1.07,0.78,30
2004,1093.45,RLHA,12,11,0.2,1.84,0.71,1.07,0.78,30
2005,1120.68,RLHA,12,6,0.2,1.84,0.71,1.07,0.78,30
2006,1066.95,RLHA,12,1,0.2,1.84,0.71,1.07,0.78,30
2007,1045.15,RLHA,12,4,0.2,1.84,0.71,1.07,0.78,30
2008,1082.32,RLHA,12,5,0.2,1.84,0.71,1.07,0.78,30
2009,1032.67,RLHA,12,0,0.2,1.84,0.71,1.07,0.78,30
2010,1084.85,RLHA,12,0,0.2,1.84,0.71,1.07,0.78,30
2011,1055.32,RLHA,12,0,37.86,1.57,300,39.9,66.99,30
2012,1095.45,RLHA,12,0,37.86,1.57,300,39.9,66.99,30
2013,1098.2,RLHA,12,1,37.86,1.57,300,39.9,66.99,30
2014,1101.87,RLHA,12,2,37.86,1.57,300,39.9,66.99,30
2015,1115.33,RLHA,12,0,37.86,1.57,300,39.9,66.99,30
2016,1114.33,RLHA,12,2,37.86,1.57,300,39.9,66.99,30
2017,1020.72,RLHA,12,1,37.86,1.57,300,39.9,66.99,30
2018,1018.6,RLHA,12,2,37.86,1.57,300,39.9,66.99,30
1946,594,RSHA,13,236,0.09,1.65,0.63,1.26,1.39,35
1947,592,RSHA,13,238,0.09,1.65,0.63,1.26,1.39,35
1948,577,RSHA,13,262,0.09,1.65,0.63,1.26,1.39,35
1949,640,RSHA,13,284,0.09,1.65,0.63,1.26,1.39,35
1950,625,RSHA,13,346,0.11,1.73,0.6,1,1.21,31
1951,561,RSHA,13,379,0.11,1.73,0.6,1,1.21,31
1952,636,RSHA,13,348,0.11,1.73,0.6,1,1.21,31
1953,651,RSHA,13,179,0.11,1.73,0.6,1,1.21,31
1954,630,RSHA,13,311,0.11,1.73,0.6,1,1.21,31
1955,630,RSHA,13,425,0.11,1.73,0.6,1,1.21,31
1956,586,RSHA,13,284,0.11,1.73,0.6,1,1.21,31
1957,601,RSHA,13,220,0.11,1.73,0.6,1,1.21,31
1958,654,RSHA,13,468,0.11,1.73,0.6,1,1.21,31
1959,623,RSHA,13,341,0.11,1.73,0.6,1,1.21,31
1960,635,RSHA,13,331,0.15,1.47,0.7,1.1,1.2,21
1961,673,RSHA,13,311,0.15,1.47,0.7,1.1,1.2,21
1962,650,RSHA,13,271,0.15,1.47,0.7,1.1,1.2,21
1963,718,RSHA,13,198,0.15,1.47,0.7,1.1,1.2,21
1964,711,RSHA,13,217,0.15,1.47,0.7,1.1,1.2,21
1965,688,RSHA,13,300,0.15,1.47,0.7,1.1,1.2,21
1966,575,RSHA,13,197,0.15,1.47,0.7,1.1,1.2,21
1967,552,RSHA,13,140,0.15,1.47,0.7,1.1,1.2,21
1968,511,RSHA,13,273,0.15,1.47,0.7,1.1,1.2,21
1969,817,RSHA,13,186,0.15,1.47,0.7,1.1,1.2,21
1970,459,RSHA,13,130,0.15,1.8,0.69,1.05,0.95,32
1971,320,RSHA,13,87,0.15,1.8,0.69,1.05,0.95,32
1972,437,RSHA,13,123,0.15,1.8,0.69,1.05,0.95,32
1973,518,RSHA,13,116,0.15,1.8,0.69,1.05,0.95,32
1974,531,RSHA,13,182,0.15,1.8,0.69,1.05,0.95,32
1975,490,RSHA,13,205,0.15,1.8,0.69,1.05,0.95,32
1976,557,RSHA,13,167,0.15,1.8,0.69,1.05,0.95,32
1977,541,RSHA,13,266,0.15,1.8,0.69,1.05,0.95,32
1978,664,RSHA,13,163,0.15,1.8,0.69,1.05,0.95,32
1979,752,RSHA,13,234,0.15,1.8,0.69,1.05,0.95,32
1980,878,RSHA,13,349,0.17,1.81,0.7,1.05,0.9,32
1981,814,RSHA,13,250,0.17,1.81,0.7,1.05,0.9,32
1982,875,RSHA,13,320,0.17,1.81,0.7,1.05,0.9,32
1983,912,RSHA,13,451,0.17,1.81,0.7,1.05,0.9,32
1984,941,RSHA,13,208,0.17,1.81,0.7,1.05,0.9,32
1985,802,RSHA,13,203,0.17,1.81,0.7,1.05,0.9,32
1986,822,RSHA,13,175,0.17,1.81,0.7,1.05,0.9,32
1987,910,RSHA,13,351,0.17,1.81,0.7,1.05,0.9,32
1988,969,RSHA,13,365,0.17,1.81,0.7,1.05,0.9,32
1989,921,RSHA,13,260,0.17,1.81,0.7,1.05,0.9,32
1990,965,RSHA,13,328,0.19,1.85,0.71,1.08,0.8,32
1991,992,RSHA,13,168,0.19,1.85,0.71,1.08,0.8,32
1992,957,RSHA,13,243,0.19,1.85,0.71,1.08,0.8,32
1993,986,RSHA,13,248,0.19,1.85,0.71,1.08,0.8,32
1994,1057,RSHA,13,260,0.19,1.85,0.71,1.08,0.8,32
1995,1020,RSHA,13,402,0.19,1.85,0.71,1.08,0.8,32
1996,1044,RSHA,13,310,0.19,1.85,0.71,1.08,0.8,32
1997,1050,RSHA,13,306,0.19,1.85,0.71,1.08,0.8,32
1998,1157,RSHA,13,369,0.19,1.85,0.71,1.08,0.8,32
1999,1088,RSHA,13,332,0.19,1.85,0.71,1.08,0.8,32
2000,1126.55,RSHA,13,197,0.2,1.84,0.71,1.07,0.78,32
2001,1137.37,RSHA,13,275,0.2,1.84,0.71,1.07,0.78,32
2002,1038.8,RSHA,13,241,0.2,1.84,0.71,1.07,0.78,32
2003,1034.09,RSHA,13,231,0.2,1.84,0.71,1.07,0.78,32
2004,1093.45,RSHA,13,212,0.2,1.84,0.71,1.07,0.78,32
2005,1120.68,RSHA,13,346,0.2,1.84,0.71,1.07,0.78,32
2006,1066.95,RSHA,13,253,0.2,1.84,0.71,1.07,0.78,32
2007,1045.15,RSHA,13,220,0.2,1.84,0.71,1.07,0.78,32
2008,1082.32,RSHA,13,137,0.2,1.84,0.71,1.07,0.78,32
2009,1032.67,RSHA,13,141,0.2,1.84,0.71,1.07,0.78,32
2010,1084.85,RSHA,13,170,0.2,1.84,0.71,1.07,0.78,32
2011,1055.32,RSHA,13,117,37.86,1.57,300,39.9,66.99,32
2012,1095.45,RSHA,13,192,37.86,1.57,300,39.9,66.99,32
2013,1098.2,RSHA,13,167,37.86,1.57,300,39.9,66.99,32
2014,1101.87,RSHA,13,197,37.86,1.57,300,39.9,66.99,32
2015,1115.33,RSHA,13,115,37.86,1.57,300,39.9,66.99,32
2016,1114.33,RSHA,13,148,37.86,1.57,300,39.9,66.99,32
2017,1020.72,RSHA,13,162,37.86,1.57,300,39.9,66.99,32
2018,1018.6,RSHA,13,207,37.86,1.57,300,39.9,66.99,32
1946,594,RTHA,14,2306,0.09,1.65,0.63,1.26,1.39,35
1947,592,RTHA,14,1680,0.09,1.65,0.63,1.26,1.39,35
1948,577,RTHA,14,2343,0.09,1.65,0.63,1.26,1.39,35
1949,640,RTHA,14,2749,0.09,1.65,0.63,1.26,1.39,35
1950,625,RTHA,14,2667,0.11,1.73,0.6,1,1.21,31
1951,561,RTHA,14,2307,0.11,1.73,0.6,1,1.21,31
1952,636,RTHA,14,2754,0.11,1.73,0.6,1,1.21,31
1953,651,RTHA,14,2051,0.11,1.73,0.6,1,1.21,31
1954,630,RTHA,14,2070,0.11,1.73,0.6,1,1.21,31
1955,630,RTHA,14,3764,0.11,1.73,0.6,1,1.21,31
1956,586,RTHA,14,1525,0.11,1.73,0.6,1,1.21,31
1957,601,RTHA,14,2730,0.11,1.73,0.6,1,1.21,31
1958,654,RTHA,14,2951,0.11,1.73,0.6,1,1.21,31
1959,623,RTHA,14,1904,0.11,1.73,0.6,1,1.21,31
1960,635,RTHA,14,2200,0.15,1.47,0.7,1.1,1.2,21
1961,673,RTHA,14,2566,0.15,1.47,0.7,1.1,1.2,21
1962,650,RTHA,14,2772,0.15,1.47,0.7,1.1,1.2,21
1963,718,RTHA,14,3402,0.15,1.47,0.7,1.1,1.2,21
1964,711,RTHA,14,2626,0.15,1.47,0.7,1.1,1.2,21
1965,688,RTHA,14,3297,0.15,1.47,0.7,1.1,1.2,21
1966,575,RTHA,14,2126,0.15,1.47,0.7,1.1,1.2,21
1967,552,RTHA,14,1854,0.15,1.47,0.7,1.1,1.2,21
1968,511,RTHA,14,3765,0.15,1.47,0.7,1.1,1.2,21
1969,817,RTHA,14,3366,0.15,1.47,0.7,1.1,1.2,21
1970,459,RTHA,14,2503,0.15,1.8,0.69,1.05,0.95,17
1971,320,RTHA,14,1781,0.15,1.8,0.69,1.05,0.95,17
1972,437,RTHA,14,3463,0.15,1.8,0.69,1.05,0.95,17
1973,518,RTHA,14,3098,0.15,1.8,0.69,1.05,0.95,17
1974,531,RTHA,14,3658,0.15,1.8,0.69,1.05,0.95,17
1975,490,RTHA,14,2880,0.15,1.8,0.69,1.05,0.95,17
1976,557,RTHA,14,3694,0.15,1.8,0.69,1.05,0.95,17
1977,541,RTHA,14,3504,0.15,1.8,0.69,1.05,0.95,17
1978,664,RTHA,14,2852,0.15,1.8,0.69,1.05,0.95,17
1979,752,RTHA,14,4175,0.15,1.8,0.69,1.05,0.95,17
1980,878,RTHA,14,5715,0.17,1.81,0.7,1.05,0.9,17
1981,814,RTHA,14,3939,0.17,1.81,0.7,1.05,0.9,17
1982,875,RTHA,14,5025,0.17,1.81,0.7,1.05,0.9,17
1983,912,RTHA,14,3954,0.17,1.81,0.7,1.05,0.9,17
1984,941,RTHA,14,3157,0.17,1.81,0.7,1.05,0.9,17
1985,802,RTHA,14,2895,0.17,1.81,0.7,1.05,0.9,17
1986,822,RTHA,14,3305,0.17,1.81,0.7,1.05,0.9,17
1987,910,RTHA,14,4215,0.17,1.81,0.7,1.05,0.9,17
1988,969,RTHA,14,4687,0.17,1.81,0.7,1.05,0.9,17
1989,921,RTHA,14,3710,0.17,1.81,0.7,1.05,0.9,17
1990,965,RTHA,14,3785,0.19,1.85,0.71,1.08,0.8,17
1991,992,RTHA,14,2970,0.19,1.85,0.71,1.08,0.8,17
1992,957,RTHA,14,3288,0.19,1.85,0.71,1.08,0.8,17
1993,986,RTHA,14,3744,0.19,1.85,0.71,1.08,0.8,17
1994,1057,RTHA,14,4424,0.19,1.85,0.71,1.08,0.8,17
1995,1020,RTHA,14,4850,0.19,1.85,0.71,1.08,0.8,17
1996,1044,RTHA,14,2727,0.19,1.85,0.71,1.08,0.8,17
1997,1050,RTHA,14,2359,0.19,1.85,0.71,1.08,0.8,17
1998,1157,RTHA,14,4331,0.19,1.85,0.71,1.08,0.8,17
1999,1088,RTHA,14,4954,0.19,1.85,0.71,1.08,0.8,17
2000,1126.55,RTHA,14,2883,0.2,1.84,0.71,1.07,0.78,17
2001,1137.37,RTHA,14,3701,0.2,1.84,0.71,1.07,0.78,17
2002,1038.8,RTHA,14,3491,0.2,1.84,0.71,1.07,0.78,17
2003,1034.09,RTHA,14,3384,0.2,1.84,0.71,1.07,0.78,17
2004,1093.45,RTHA,14,2856,0.2,1.84,0.71,1.07,0.78,17
2005,1120.68,RTHA,14,4550,0.2,1.84,0.71,1.07,0.78,17
2006,1066.95,RTHA,14,3893,0.2,1.84,0.71,1.07,0.78,17
2007,1045.15,RTHA,14,2318,0.2,1.84,0.71,1.07,0.78,17
2008,1082.32,RTHA,14,1800,0.2,1.84,0.71,1.07,0.78,17
2009,1032.67,RTHA,14,1752,0.2,1.84,0.71,1.07,0.78,17
2010,1084.85,RTHA,14,3176,0.2,1.84,0.71,1.07,0.78,17
2011,1055.32,RTHA,14,1699,37.86,1.57,300,39.9,66.99,17
2012,1095.45,RTHA,14,2629,37.86,1.57,300,39.9,66.99,17
2013,1098.2,RTHA,14,2022,37.86,1.57,300,39.9,66.99,17
2014,1101.87,RTHA,14,2263,37.86,1.57,300,39.9,66.99,17
2015,1115.33,RTHA,14,1358,37.86,1.57,300,39.9,66.99,17
2016,1114.33,RTHA,14,2174,37.86,1.57,300,39.9,66.99,17
2017,1020.72,RTHA,14,1106,37.86,1.57,300,39.9,66.99,17
2018,1018.6,RTHA,14,1689,37.86,1.57,300,39.9,66.99,17
1946,594,SSHA,15,2382,0.09,1.65,0.63,1.26,1.39,35
1947,592,SSHA,15,1726,0.09,1.65,0.63,1.26,1.39,35
1948,577,SSHA,15,1650,0.09,1.65,0.63,1.26,1.39,35
1949,640,SSHA,15,2963,0.09,1.65,0.63,1.26,1.39,35
1950,625,SSHA,15,3674,0.11,1.73,0.6,1,1.21,31
1951,561,SSHA,15,3008,0.11,1.73,0.6,1,1.21,31
1952,636,SSHA,15,3566,0.11,1.73,0.6,1,1.21,31
1953,651,SSHA,15,2791,0.11,1.73,0.6,1,1.21,31
1954,630,SSHA,15,3183,0.11,1.73,0.6,1,1.21,31
1955,630,SSHA,15,4709,0.11,1.73,0.6,1,1.21,31
1956,586,SSHA,15,2048,0.11,1.73,0.6,1,1.21,31
1957,601,SSHA,15,2662,0.11,1.73,0.6,1,1.21,31
1958,654,SSHA,15,1752,0.11,1.73,0.6,1,1.21,31
1959,623,SSHA,15,2825,0.11,1.73,0.6,1,1.21,31
1960,635,SSHA,15,2233,0.15,1.47,0.7,1.1,1.2,21
1961,673,SSHA,15,1723,0.15,1.47,0.7,1.1,1.2,21
1962,650,SSHA,15,2181,0.15,1.47,0.7,1.1,1.2,21
1963,718,SSHA,15,1518,0.15,1.47,0.7,1.1,1.2,21
1964,711,SSHA,15,1259,0.15,1.47,0.7,1.1,1.2,21
1965,688,SSHA,15,3103,0.15,1.47,0.7,1.1,1.2,21
1966,575,SSHA,15,2883,0.15,1.47,0.7,1.1,1.2,21
1967,552,SSHA,15,2330,0.15,1.47,0.7,1.1,1.2,21
1968,511,SSHA,15,2253,0.15,1.47,0.7,1.1,1.2,21
1969,817,SSHA,15,2670,0.15,1.47,0.7,1.1,1.2,21
1970,459,SSHA,15,1906,0.15,1.8,0.69,1.05,0.95,20
1971,320,SSHA,15,2135,0.15,1.8,0.69,1.05,0.95,20
1972,437,SSHA,15,2233,0.15,1.8,0.69,1.05,0.95,20
1973,518,SSHA,15,3347,0.15,1.8,0.69,1.05,0.95,20
1974,531,SSHA,15,4477,0.15,1.8,0.69,1.05,0.95,20
1975,490,SSHA,15,5354,0.15,1.8,0.69,1.05,0.95,20
1976,557,SSHA,15,5376,0.15,1.8,0.69,1.05,0.95,20
1977,541,SSHA,15,10612,0.15,1.8,0.69,1.05,0.95,20
1978,664,SSHA,15,6826,0.15,1.8,0.69,1.05,0.95,20
1979,752,SSHA,15,10306,0.15,1.8,0.69,1.05,0.95,20
1980,878,SSHA,15,8319,0.17,1.81,0.7,1.05,0.9,20
1981,814,SSHA,15,9464,0.17,1.81,0.7,1.05,0.9,20
1982,875,SSHA,15,4541,0.17,1.81,0.7,1.05,0.9,20
1983,912,SSHA,15,6517,0.17,1.81,0.7,1.05,0.9,20
1984,941,SSHA,15,3796,0.17,1.81,0.7,1.05,0.9,20
1985,802,SSHA,15,5766,0.17,1.81,0.7,1.05,0.9,20
1986,822,SSHA,15,9239,0.17,1.81,0.7,1.05,0.9,20
1987,910,SSHA,15,6776,0.17,1.81,0.7,1.05,0.9,20
1988,969,SSHA,15,6714,0.17,1.81,0.7,1.05,0.9,20
1989,921,SSHA,15,9832,0.17,1.81,0.7,1.05,0.9,20
1990,965,SSHA,15,8127,0.19,1.85,0.71,1.08,0.8,20
1991,992,SSHA,15,5678,0.19,1.85,0.71,1.08,0.8,20
1992,957,SSHA,15,4629,0.19,1.85,0.71,1.08,0.8,20
1993,986,SSHA,15,5449,0.19,1.85,0.71,1.08,0.8,20
1994,1057,SSHA,15,4934,0.19,1.85,0.71,1.08,0.8,20
1995,1020,SSHA,15,6217,0.19,1.85,0.71,1.08,0.8,20
1996,1044,SSHA,15,4467,0.19,1.85,0.71,1.08,0.8,20
1997,1050,SSHA,15,4219,0.19,1.85,0.71,1.08,0.8,20
1998,1157,SSHA,15,5831,0.19,1.85,0.71,1.08,0.8,20
1999,1088,SSHA,15,4424,0.19,1.85,0.71,1.08,0.8,20
2000,1126.55,SSHA,15,4505,0.2,1.84,0.71,1.07,0.78,20
2001,1137.37,SSHA,15,4826,0.2,1.84,0.71,1.07,0.78,20
2002,1038.8,SSHA,15,3110,0.2,1.84,0.71,1.07,0.78,20
2003,1034.09,SSHA,15,3649,0.2,1.84,0.71,1.07,0.78,20
2004,1093.45,SSHA,15,2970,0.2,1.84,0.71,1.07,0.78,20
2005,1120.68,SSHA,15,4545,0.2,1.84,0.71,1.07,0.78,20
2006,1066.95,SSHA,15,5479,0.2,1.84,0.71,1.07,0.78,20
2007,1045.15,SSHA,15,5073,0.2,1.84,0.71,1.07,0.78,20
2008,1082.32,SSHA,15,3358,0.2,1.84,0.71,1.07,0.78,20
2009,1032.67,SSHA,15,4302,0.2,1.84,0.71,1.07,0.78,20
2010,1084.85,SSHA,15,6413,0.2,1.84,0.71,1.07,0.78,20
2011,1055.32,SSHA,15,4447,37.86,1.57,300,39.9,66.99,20
2012,1095.45,SSHA,15,5221,37.86,1.57,300,39.9,66.99,20
2013,1098.2,SSHA,15,3766,37.86,1.57,300,39.9,66.99,20
2014,1101.87,SSHA,15,4775,37.86,1.57,300,39.9,66.99,20
2015,1115.33,SSHA,15,3818,37.86,1.57,300,39.9,66.99,20
2016,1114.33,SSHA,15,2965,37.86,1.57,300,39.9,66.99,20
2017,1020.72,SSHA,15,2457,37.86,1.57,300,39.9,66.99,20
2018,1018.6,SSHA,15,5121,37.86,1.57,300,39.9,66.99,20
1946,594,TUVU,16,66,0.09,1.65,0.63,1.26,1.39,35
1947,592,TUVU,16,268,0.09,1.65,0.63,1.26,1.39,35
1948,577,TUVU,16,300,0.09,1.65,0.63,1.26,1.39,35
1949,640,TUVU,16,376,0.09,1.65,0.63,1.26,1.39,35
1950,625,TUVU,16,81,0.11,1.73,0.6,1,1.21,31
1951,561,TUVU,16,50,0.11,1.73,0.6,1,1.21,31
1952,636,TUVU,16,31,0.11,1.73,0.6,1,1.21,31
1953,651,TUVU,16,201,0.11,1.73,0.6,1,1.21,31
1954,630,TUVU,16,1,0.11,1.73,0.6,1,1.21,31
1955,630,TUVU,16,62,0.11,1.73,0.6,1,1.21,31
1956,586,TUVU,16,1,0.11,1.73,0.6,1,1.21,31
1957,601,TUVU,16,222,0.11,1.73,0.6,1,1.21,31
1958,654,TUVU,16,14,0.11,1.73,0.6,1,1.21,31
1959,623,TUVU,16,26,0.11,1.73,0.6,1,1.21,31
1960,635,TUVU,16,5,0.15,1.47,0.7,1.1,1.2,21
1961,673,TUVU,16,129,0.15,1.47,0.7,1.1,1.2,21
1962,650,TUVU,16,0,0.15,1.47,0.7,1.1,1.2,21
1963,718,TUVU,16,178,0.15,1.47,0.7,1.1,1.2,21
1964,711,TUVU,16,7,0.15,1.47,0.7,1.1,1.2,21
1965,688,TUVU,16,105,0.15,1.47,0.7,1.1,1.2,21
1966,575,TUVU,16,0,0.15,1.47,0.7,1.1,1.2,21
1967,552,TUVU,16,3,0.15,1.47,0.7,1.1,1.2,21
1968,511,TUVU,16,1,0.15,1.47,0.7,1.1,1.2,21
1983,912,TUVU,16,4,0.17,1.81,0.7,1.05,0.9,19
1984,941,TUVU,16,1,0.17,1.81,0.7,1.05,0.9,19
1986,822,TUVU,16,24,0.17,1.81,0.7,1.05,0.9,19
1987,910,TUVU,16,70,0.17,1.81,0.7,1.05,0.9,19
1988,969,TUVU,16,51,0.17,1.81,0.7,1.05,0.9,19
1989,921,TUVU,16,203,0.17,1.81,0.7,1.05,0.9,19
1990,965,TUVU,16,149,0.19,1.85,0.71,1.08,0.8,19
1991,992,TUVU,16,173,0.19,1.85,0.71,1.08,0.8,19
1992,957,TUVU,16,84,0.19,1.85,0.71,1.08,0.8,19
1993,986,TUVU,16,88,0.19,1.85,0.71,1.08,0.8,19
1994,1057,TUVU,16,198,0.19,1.85,0.71,1.08,0.8,19
1995,1020,TUVU,16,176,0.19,1.85,0.71,1.08,0.8,19
1996,1044,TUVU,16,200,0.19,1.85,0.71,1.08,0.8,19
1997,1050,TUVU,16,238,0.19,1.85,0.71,1.08,0.8,19
1998,1157,TUVU,16,220,0.19,1.85,0.71,1.08,0.8,19
1999,1088,TUVU,16,367,0.19,1.85,0.71,1.08,0.8,19
2000,1126.55,TUVU,16,169,0.2,1.84,0.71,1.07,0.78,19
2001,1137.37,TUVU,16,329,0.2,1.84,0.71,1.07,0.78,19
2002,1038.8,TUVU,16,226,0.2,1.84,0.71,1.07,0.78,19
2003,1034.09,TUVU,16,327,0.2,1.84,0.71,1.07,0.78,19
2004,1093.45,TUVU,16,177,0.2,1.84,0.71,1.07,0.78,19
2005,1120.68,TUVU,16,470,0.2,1.84,0.71,1.07,0.78,19
2006,1066.95,TUVU,16,453,0.2,1.84,0.71,1.07,0.78,19
2007,1045.15,TUVU,16,656,0.2,1.84,0.71,1.07,0.78,19
2008,1082.32,TUVU,16,357,0.2,1.84,0.71,1.07,0.78,19
2009,1032.67,TUVU,16,461,0.2,1.84,0.71,1.07,0.78,19
2010,1084.85,TUVU,16,650,0.2,1.84,0.71,1.07,0.78,19
2011,1055.32,TUVU,16,669,37.86,1.57,300,39.9,66.99,19
2012,1095.45,TUVU,16,412,37.86,1.57,300,39.9,66.99,19
2013,1098.2,TUVU,16,598,37.86,1.57,300,39.9,66.99,19
2014,1101.87,TUVU,16,940,37.86,1.57,300,39.9,66.99,19
2015,1115.33,TUVU,16,415,37.86,1.57,300,39.9,66.99,19
2016,1114.33,TUVU,16,610,37.86,1.57,300,39.9,66.99,19
2017,1020.72,TUVU,16,700,37.86,1.57,300,39.9,66.99,19
2018,1018.6,TUVU,16,549,37.86,1.57,300,39.9,66.99,19
