year,obs.hours,species,spcode,habitat,count,pop est,size,total cropland,Grassland pasture and range,grazed forest,urban area,ungrazed forest
1946,594,AMKE,1,specialist,99,2800000,115.5,22098,9614,8590,3777,50100
1946,594,BAEA,2,generalist,39,200000,4790,22098,9614,8590,3777,50100
1946,594,BWHA,4,specialist,2886,1800000,397,22098,9614,8590,3777,50100
1946,594,COHA,5,generalist,214,840000,452,22098,9614,8590,3777,50100
1946,594,GOEA,6,generalist,68,63000,4200,22098,9614,8590,3777,50100
1946,594,MERL,7,generalist,20,1600000,222,22098,9614,8590,3777,50100
1946,594,NOGO,8,specialist,32,210000,990,22098,9614,8590,3777,50100
1946,594,NOHA,9,specialist,169,820000,447,22098,9614,8590,3777,50100
1946,594,OSPR,10,specialist,188,400000,1570,22098,9614,8590,3777,50100
1946,594,PEFA,11,generalist,26,37000,794,22098,9614,8590,3777,50100
1946,594,RLHA,12,specialist,0,300000,951,22098,9614,8590,3777,50100
1946,594,RSHA,13,specialist,236,1800000,625,22098,9614,8590,3777,50100
1946,594,RTHA,14,generalist,2306,2800000,1126,22098,9614,8590,3777,50100
1946,594,SSHA,15,specialist,2382,410000,165.5,22098,9614,8590,3777,50100
1946,594,TUVU,16,generalist,66,8400000,1425,22098,9614,8590,3777,50100
1947,592,AMKE,1,specialist,116,2800000,115.5,22098,9614,8590,3777,50100
1947,592,BAEA,2,generalist,89,200000,4790,22098,9614,8590,3777,50100
1947,592,BWHA,4,specialist,6664,1800000,397,22098,9614,8590,3777,50100
1947,592,COHA,5,generalist,128,840000,452,22098,9614,8590,3777,50100
1947,592,GOEA,6,generalist,33,63000,4200,22098,9614,8590,3777,50100
1947,592,MERL,7,generalist,10,1600000,222,22098,9614,8590,3777,50100
1947,592,NOGO,8,specialist,5,210000,990,22098,9614,8590,3777,50100
1947,592,NOHA,9,specialist,176,820000,447,22098,9614,8590,3777,50100
1947,592,OSPR,10,specialist,215,400000,1570,22098,9614,8590,3777,50100
1947,592,PEFA,11,generalist,18,37000,794,22098,9614,8590,3777,50100
1947,592,RLHA,12,specialist,0,300000,951,22098,9614,8590,3777,50100
1947,592,RSHA,13,specialist,238,1800000,625,22098,9614,8590,3777,50100
1947,592,RTHA,14,generalist,1680,2800000,1126,22098,9614,8590,3777,50100
1947,592,SSHA,15,specialist,1726,410000,165.5,22098,9614,8590,3777,50100
1947,592,TUVU,16,generalist,268,8400000,1425,22098,9614,8590,3777,50100
1948,577,AMKE,1,specialist,145,2800000,115.5,22098,9614,8590,3777,50100
1948,577,BAEA,2,generalist,79,200000,4790,22098,9614,8590,3777,50100
1948,577,BWHA,4,specialist,15026,1800000,397,22098,9614,8590,3777,50100
1948,577,COHA,5,generalist,203,840000,452,22098,9614,8590,3777,50100
1948,577,GOEA,6,generalist,41,63000,4200,22098,9614,8590,3777,50100
1948,577,MERL,7,generalist,19,1600000,222,22098,9614,8590,3777,50100
1948,577,NOGO,8,specialist,14,210000,990,22098,9614,8590,3777,50100
1948,577,NOHA,9,specialist,185,820000,447,22098,9614,8590,3777,50100
1948,577,OSPR,10,specialist,174,400000,1570,22098,9614,8590,3777,50100
1948,577,PEFA,11,generalist,33,37000,794,22098,9614,8590,3777,50100
1948,577,RLHA,12,specialist,9,300000,951,22098,9614,8590,3777,50100
1948,577,RSHA,13,specialist,262,1800000,625,22098,9614,8590,3777,50100
1948,577,RTHA,14,generalist,2343,2800000,1126,22098,9614,8590,3777,50100
1948,577,SSHA,15,specialist,1650,410000,165.5,22098,9614,8590,3777,50100
1948,577,TUVU,16,generalist,300,8400000,1425,22098,9614,8590,3777,50100
1949,640,AMKE,1,specialist,339,2800000,115.5,21736,6550,6773,3907,52820
1949,640,BAEA,2,generalist,84,200000,4790,21736,6550,6773,3907,52820
1949,640,BWHA,4,specialist,9579,1800000,397,21736,6550,6773,3907,52820
1949,640,COHA,5,generalist,174,840000,452,21736,6550,6773,3907,52820
1949,640,GOEA,6,generalist,47,63000,4200,21736,6550,6773,3907,52820
1949,640,MERL,7,generalist,24,1600000,222,21736,6550,6773,3907,52820
1949,640,NOGO,8,specialist,7,210000,990,21736,6550,6773,3907,52820
1949,640,NOHA,9,specialist,209,820000,447,21736,6550,6773,3907,52820
1949,640,OSPR,10,specialist,209,400000,1570,21736,6550,6773,3907,52820
1949,640,PEFA,11,generalist,35,37000,794,21736,6550,6773,3907,52820
1949,640,RLHA,12,specialist,16,300000,951,21736,6550,6773,3907,52820
1949,640,RSHA,13,specialist,284,1800000,625,21736,6550,6773,3907,52820
1949,640,RTHA,14,generalist,2749,2800000,1126,21736,6550,6773,3907,52820
1949,640,SSHA,15,specialist,2963,410000,165.5,21736,6550,6773,3907,52820
1949,640,TUVU,16,generalist,376,8400000,1425,21736,6550,6773,3907,52820
1950,625,AMKE,1,specialist,234,2800000,115.5,21736,6550,6773,3907,52820
1950,625,BAEA,2,generalist,116,200000,4790,21736,6550,6773,3907,52820
1950,625,BWHA,4,specialist,5305,1800000,397,21736,6550,6773,3907,52820
1950,625,COHA,5,generalist,271,840000,452,21736,6550,6773,3907,52820
1950,625,GOEA,6,generalist,65,63000,4200,21736,6550,6773,3907,52820
1950,625,MERL,7,generalist,44,1600000,222,21736,6550,6773,3907,52820
1950,625,NOGO,8,specialist,6,210000,990,21736,6550,6773,3907,52820
1950,625,NOHA,9,specialist,213,820000,447,21736,6550,6773,3907,52820
1950,625,OSPR,10,specialist,309,400000,1570,21736,6550,6773,3907,52820
1950,625,PEFA,11,generalist,33,37000,794,21736,6550,6773,3907,52820
1950,625,RLHA,12,specialist,2,300000,951,21736,6550,6773,3907,52820
1950,625,RSHA,13,specialist,346,1800000,625,21736,6550,6773,3907,52820
1950,625,RTHA,14,generalist,2667,2800000,1126,21736,6550,6773,3907,52820
1950,625,SSHA,15,specialist,3674,410000,165.5,21736,6550,6773,3907,52820
1950,625,TUVU,16,generalist,81,8400000,1425,21736,6550,6773,3907,52820
1951,561,AMKE,1,specialist,247,2800000,115.5,21736,6550,6773,3907,52820
1951,561,BAEA,2,generalist,87,200000,4790,21736,6550,6773,3907,52820
1951,561,BWHA,4,specialist,10997,1800000,397,21736,6550,6773,3907,52820
1951,561,COHA,5,generalist,235,840000,452,21736,6550,6773,3907,52820
1951,561,GOEA,6,generalist,55,63000,4200,21736,6550,6773,3907,52820
1951,561,MERL,7,generalist,15,1600000,222,21736,6550,6773,3907,52820
1951,561,NOGO,8,specialist,21,210000,990,21736,6550,6773,3907,52820
1951,561,NOHA,9,specialist,214,820000,447,21736,6550,6773,3907,52820
1951,561,OSPR,10,specialist,253,400000,1570,21736,6550,6773,3907,52820
1951,561,PEFA,11,generalist,22,37000,794,21736,6550,6773,3907,52820
1951,561,RLHA,12,specialist,0,300000,951,21736,6550,6773,3907,52820
1951,561,RSHA,13,specialist,379,1800000,625,21736,6550,6773,3907,52820
1951,561,RTHA,14,generalist,2307,2800000,1126,21736,6550,6773,3907,52820
1951,561,SSHA,15,specialist,3008,410000,165.5,21736,6550,6773,3907,52820
1951,561,TUVU,16,generalist,50,8400000,1425,21736,6550,6773,3907,52820
1952,636,AMKE,1,specialist,219,2800000,115.5,21736,6550,6773,3907,52820
1952,636,BAEA,2,generalist,91,200000,4790,21736,6550,6773,3907,52820
1952,636,BWHA,4,specialist,12603,1800000,397,21736,6550,6773,3907,52820
1952,636,COHA,5,generalist,308,840000,452,21736,6550,6773,3907,52820
1952,636,GOEA,6,generalist,81,63000,4200,21736,6550,6773,3907,52820
1952,636,MERL,7,generalist,47,1600000,222,21736,6550,6773,3907,52820
1952,636,NOGO,8,specialist,7,210000,990,21736,6550,6773,3907,52820
1952,636,NOHA,9,specialist,312,820000,447,21736,6550,6773,3907,52820
1952,636,OSPR,10,specialist,337,400000,1570,21736,6550,6773,3907,52820
1952,636,PEFA,11,generalist,34,37000,794,21736,6550,6773,3907,52820
1952,636,RLHA,12,specialist,9,300000,951,21736,6550,6773,3907,52820
1952,636,RSHA,13,specialist,348,1800000,625,21736,6550,6773,3907,52820
1952,636,RTHA,14,generalist,2754,2800000,1126,21736,6550,6773,3907,52820
1952,636,SSHA,15,specialist,3566,410000,165.5,21736,6550,6773,3907,52820
1952,636,TUVU,16,generalist,31,8400000,1425,21736,6550,6773,3907,52820
1953,651,AMKE,1,specialist,220,2800000,115.5,21736,6550,6773,3907,52820
1953,651,BAEA,2,generalist,59,200000,4790,21736,6550,6773,3907,52820
1953,651,BWHA,4,specialist,7247,1800000,397,21736,6550,6773,3907,52820
1953,651,COHA,5,generalist,155,840000,452,21736,6550,6773,3907,52820
1953,651,GOEA,6,generalist,30,63000,4200,21736,6550,6773,3907,52820
1953,651,MERL,7,generalist,11,1600000,222,21736,6550,6773,3907,52820
1953,651,NOGO,8,specialist,3,210000,990,21736,6550,6773,3907,52820
1953,651,NOHA,9,specialist,252,820000,447,21736,6550,6773,3907,52820
1953,651,OSPR,10,specialist,328,400000,1570,21736,6550,6773,3907,52820
1953,651,PEFA,11,generalist,13,37000,794,21736,6550,6773,3907,52820
1953,651,RLHA,12,specialist,2,300000,951,21736,6550,6773,3907,52820
1953,651,RSHA,13,specialist,179,1800000,625,21736,6550,6773,3907,52820
1953,651,RTHA,14,generalist,2051,2800000,1126,21736,6550,6773,3907,52820
1953,651,SSHA,15,specialist,2791,410000,165.5,21736,6550,6773,3907,52820
1953,651,TUVU,16,generalist,201,8400000,1425,21736,6550,6773,3907,52820
1954,630,AMKE,1,specialist,174,2800000,115.5,20187,6743,5371,3859,54812
1954,630,BAEA,2,generalist,65,200000,4790,20187,6743,5371,3859,54812
1954,630,BWHA,4,specialist,5956,1800000,397,20187,6743,5371,3859,54812
1954,630,COHA,5,generalist,190,840000,452,20187,6743,5371,3859,54812
1954,630,GOEA,6,generalist,40,63000,4200,20187,6743,5371,3859,54812
1954,630,MERL,7,generalist,22,1600000,222,20187,6743,5371,3859,54812
1954,630,NOGO,8,specialist,90,210000,990,20187,6743,5371,3859,54812
1954,630,NOHA,9,specialist,158,820000,447,20187,6743,5371,3859,54812
1954,630,OSPR,10,specialist,320,400000,1570,20187,6743,5371,3859,54812
1954,630,PEFA,11,generalist,28,37000,794,20187,6743,5371,3859,54812
1954,630,RLHA,12,specialist,3,300000,951,20187,6743,5371,3859,54812
1954,630,RSHA,13,specialist,311,1800000,625,20187,6743,5371,3859,54812
1954,630,RTHA,14,generalist,2070,2800000,1126,20187,6743,5371,3859,54812
1954,630,SSHA,15,specialist,3183,410000,165.5,20187,6743,5371,3859,54812
1954,630,TUVU,16,generalist,1,8400000,1425,20187,6743,5371,3859,54812
1955,630,AMKE,1,specialist,264,2800000,115.5,20187,6743,5371,3859,54812
1955,630,BAEA,2,generalist,88,200000,4790,20187,6743,5371,3859,54812
1955,630,BWHA,4,specialist,9542,1800000,397,20187,6743,5371,3859,54812
1955,630,COHA,5,generalist,281,840000,452,20187,6743,5371,3859,54812
1955,630,GOEA,6,generalist,57,63000,4200,20187,6743,5371,3859,54812
1955,630,MERL,7,generalist,23,1600000,222,20187,6743,5371,3859,54812
1955,630,NOGO,8,specialist,40,210000,990,20187,6743,5371,3859,54812
1955,630,NOHA,9,specialist,224,820000,447,20187,6743,5371,3859,54812
1955,630,OSPR,10,specialist,354,400000,1570,20187,6743,5371,3859,54812
1955,630,PEFA,11,generalist,35,37000,794,20187,6743,5371,3859,54812
1955,630,RLHA,12,specialist,0,300000,951,20187,6743,5371,3859,54812
1955,630,RSHA,13,specialist,425,1800000,625,20187,6743,5371,3859,54812
1955,630,RTHA,14,generalist,3764,2800000,1126,20187,6743,5371,3859,54812
1955,630,SSHA,15,specialist,4709,410000,165.5,20187,6743,5371,3859,54812
1955,630,TUVU,16,generalist,62,8400000,1425,20187,6743,5371,3859,54812
1956,586,AMKE,1,specialist,204,2800000,115.5,20187,6743,5371,3859,54812
1956,586,BAEA,2,generalist,53,200000,4790,20187,6743,5371,3859,54812
1956,586,BWHA,4,specialist,8734,1800000,397,20187,6743,5371,3859,54812
1956,586,COHA,5,generalist,122,840000,452,20187,6743,5371,3859,54812
1956,586,GOEA,6,generalist,42,63000,4200,20187,6743,5371,3859,54812
1956,586,MERL,7,generalist,10,1600000,222,20187,6743,5371,3859,54812
1956,586,NOGO,8,specialist,7,210000,990,20187,6743,5371,3859,54812
1956,586,NOHA,9,specialist,136,820000,447,20187,6743,5371,3859,54812
1956,586,OSPR,10,specialist,284,400000,1570,20187,6743,5371,3859,54812
1956,586,PEFA,11,generalist,16,37000,794,20187,6743,5371,3859,54812
1956,586,RLHA,12,specialist,10,300000,951,20187,6743,5371,3859,54812
1956,586,RSHA,13,specialist,284,1800000,625,20187,6743,5371,3859,54812
1956,586,RTHA,14,generalist,1525,2800000,1126,20187,6743,5371,3859,54812
1956,586,SSHA,15,specialist,2048,410000,165.5,20187,6743,5371,3859,54812
1956,586,TUVU,16,generalist,1,8400000,1425,20187,6743,5371,3859,54812
1957,601,AMKE,1,specialist,174,2800000,115.5,20187,6743,5371,3859,54812
1957,601,BAEA,2,generalist,39,200000,4790,20187,6743,5371,3859,54812
1957,601,BWHA,4,specialist,8935,1800000,397,20187,6743,5371,3859,54812
1957,601,COHA,5,generalist,200,840000,452,20187,6743,5371,3859,54812
1957,601,GOEA,6,generalist,37,63000,4200,20187,6743,5371,3859,54812
1957,601,MERL,7,generalist,21,1600000,222,20187,6743,5371,3859,54812
1957,601,NOGO,8,specialist,82,210000,990,20187,6743,5371,3859,54812
1957,601,NOHA,9,specialist,192,820000,447,20187,6743,5371,3859,54812
1957,601,OSPR,10,specialist,323,400000,1570,20187,6743,5371,3859,54812
1957,601,PEFA,11,generalist,15,37000,794,20187,6743,5371,3859,54812
1957,601,RLHA,12,specialist,7,300000,951,20187,6743,5371,3859,54812
1957,601,RSHA,13,specialist,220,1800000,625,20187,6743,5371,3859,54812
1957,601,RTHA,14,generalist,2730,2800000,1126,20187,6743,5371,3859,54812
1957,601,SSHA,15,specialist,2662,410000,165.5,20187,6743,5371,3859,54812
1957,601,TUVU,16,generalist,222,8400000,1425,20187,6743,5371,3859,54812
1958,654,AMKE,1,specialist,217,2800000,115.5,20187,6743,5371,3859,54812
1958,654,BAEA,2,generalist,41,200000,4790,20187,6743,5371,3859,54812
1958,654,BWHA,4,specialist,8880,1800000,397,20187,6743,5371,3859,54812
1958,654,COHA,5,generalist,180,840000,452,20187,6743,5371,3859,54812
1958,654,GOEA,6,generalist,39,63000,4200,20187,6743,5371,3859,54812
1958,654,MERL,7,generalist,19,1600000,222,20187,6743,5371,3859,54812
1958,654,NOGO,8,specialist,18,210000,990,20187,6743,5371,3859,54812
1958,654,NOHA,9,specialist,201,820000,447,20187,6743,5371,3859,54812
1958,654,OSPR,10,specialist,324,400000,1570,20187,6743,5371,3859,54812
1958,654,PEFA,11,generalist,23,37000,794,20187,6743,5371,3859,54812
1958,654,RLHA,12,specialist,1,300000,951,20187,6743,5371,3859,54812
1958,654,RSHA,13,specialist,468,1800000,625,20187,6743,5371,3859,54812
1958,654,RTHA,14,generalist,2951,2800000,1126,20187,6743,5371,3859,54812
1958,654,SSHA,15,specialist,1752,410000,165.5,20187,6743,5371,3859,54812
1958,654,TUVU,16,generalist,14,8400000,1425,20187,6743,5371,3859,54812
1959,623,AMKE,1,specialist,281,2800000,115.5,18312,7391,3450,5399,57262
1959,623,BAEA,2,generalist,45,200000,4790,18312,7391,3450,5399,57262
1959,623,BWHA,4,specialist,5301,1800000,397,18312,7391,3450,5399,57262
1959,623,COHA,5,generalist,180,840000,452,18312,7391,3450,5399,57262
1959,623,GOEA,6,generalist,31,63000,4200,18312,7391,3450,5399,57262
1959,623,MERL,7,generalist,17,1600000,222,18312,7391,3450,5399,57262
1959,623,NOGO,8,specialist,25,210000,990,18312,7391,3450,5399,57262
1959,623,NOHA,9,specialist,252,820000,447,18312,7391,3450,5399,57262
1959,623,OSPR,10,specialist,312,400000,1570,18312,7391,3450,5399,57262
1959,623,PEFA,11,generalist,35,37000,794,18312,7391,3450,5399,57262
1959,623,RLHA,12,specialist,10,300000,951,18312,7391,3450,5399,57262
1959,623,RSHA,13,specialist,341,1800000,625,18312,7391,3450,5399,57262
1959,623,RTHA,14,generalist,1904,2800000,1126,18312,7391,3450,5399,57262
1959,623,SSHA,15,specialist,2825,410000,165.5,20187,7391,3450,5399,57262
1959,623,TUVU,16,generalist,26,8400000,1425,20187,7391,3450,5399,57262
1960,635,AMKE,1,specialist,221,2800000,115.5,20187,7391,3450,5399,57262
1960,635,BAEA,2,generalist,23,200000,4790,20187,7391,3450,5399,57262
1960,635,BWHA,4,specialist,11107,1800000,397,20187,7391,3450,5399,57262
1960,635,COHA,5,generalist,123,840000,452,20187,7391,3450,5399,57262
1960,635,GOEA,6,generalist,23,63000,4200,20187,7391,3450,5399,57262
1960,635,MERL,7,generalist,25,1600000,222,20187,7391,3450,5399,57262
1960,635,NOGO,8,specialist,11,210000,990,20187,7391,3450,5399,57262
1960,635,NOHA,9,specialist,229,820000,447,20187,7391,3450,5399,57262
1960,635,OSPR,10,specialist,263,400000,1570,20187,7391,3450,5399,57262
1960,635,PEFA,11,generalist,18,37000,794,20187,7391,3450,5399,57262
1960,635,RLHA,12,specialist,25,300000,951,20187,7391,3450,5399,57262
1960,635,RSHA,13,specialist,331,1800000,625,20187,7391,3450,5399,57262
1960,635,RTHA,14,generalist,2200,2800000,1126,20187,7391,3450,5399,57262
1960,635,SSHA,15,specialist,2233,410000,165.5,20187,7391,3450,5399,57262
1960,635,TUVU,16,generalist,5,8400000,1425,20187,7391,3450,5399,57262
1961,673,AMKE,1,specialist,464,2800000,115.5,20187,7391,3450,5399,57262
1961,673,BAEA,2,generalist,40,200000,4790,20187,7391,3450,5399,57262
1961,673,BWHA,4,specialist,8642,1800000,397,20187,7391,3450,5399,57262
1961,673,COHA,5,generalist,104,840000,452,20187,7391,3450,5399,57262
1961,673,GOEA,6,generalist,48,63000,4200,20187,7391,3450,5399,57262
1961,673,MERL,7,generalist,13,1600000,222,20187,7391,3450,5399,57262
1961,673,NOGO,8,specialist,83,210000,990,20187,7391,3450,5399,57262
1961,673,NOHA,9,specialist,261,820000,447,20187,7391,3450,5399,57262
1961,673,OSPR,10,specialist,287,400000,1570,20187,7391,3450,5399,57262
1961,673,PEFA,11,generalist,20,37000,794,20187,7391,3450,5399,57262
1961,673,RLHA,12,specialist,31,300000,951,20187,7391,3450,5399,57262
1961,673,RSHA,13,specialist,311,1800000,625,20187,7391,3450,5399,57262
1961,673,RTHA,14,generalist,2566,2800000,1126,20187,7391,3450,5399,57262
1961,673,SSHA,15,specialist,1723,410000,165.5,20187,7391,3450,5399,57262
1961,673,TUVU,16,generalist,129,8400000,1425,20187,7391,3450,5399,57262
1962,650,AMKE,1,specialist,456,2800000,115.5,20187,7391,3450,5399,57262
1962,650,BAEA,2,generalist,35,200000,4790,20187,7391,3450,5399,57262
1962,650,BWHA,4,specialist,8254,1800000,397,20187,7391,3450,5399,57262
1962,650,COHA,5,generalist,77,840000,452,20187,7391,3450,5399,57262
1962,650,GOEA,6,generalist,37,63000,4200,20187,7391,3450,5399,57262
1962,650,MERL,7,generalist,20,1600000,222,20187,7391,3450,5399,57262
1962,650,NOGO,8,specialist,34,210000,990,20187,7391,3450,5399,57262
1962,650,NOHA,9,specialist,182,820000,447,20187,7391,3450,5399,57262
1962,650,OSPR,10,specialist,295,400000,1570,20187,7391,3450,5399,57262
1962,650,PEFA,11,generalist,30,37000,794,20187,7391,3450,5399,57262
1962,650,RLHA,12,specialist,7,300000,951,20187,7391,3450,5399,57262
1962,650,RSHA,13,specialist,271,1800000,625,20187,7391,3450,5399,57262
1962,650,RTHA,14,generalist,2772,2800000,1126,20187,7391,3450,5399,57262
1962,650,SSHA,15,specialist,2181,410000,165.5,20187,7391,3450,5399,57262
1962,650,TUVU,16,generalist,0,8400000,1425,20187,7391,3450,5399,57262
1963,718,AMKE,1,specialist,260,2800000,115.5,20187,7391,3450,5399,57262
1963,718,BAEA,2,generalist,21,200000,4790,20187,7391,3450,5399,57262
1963,718,BWHA,4,specialist,9791,1800000,397,20187,7391,3450,5399,57262
1963,718,COHA,5,generalist,74,840000,452,20187,7391,3450,5399,57262
1963,718,GOEA,6,generalist,23,63000,4200,20187,7391,3450,5399,57262
1963,718,MERL,7,generalist,26,1600000,222,20187,7391,3450,5399,57262
1963,718,NOGO,8,specialist,26,210000,990,20187,7391,3450,5399,57262
1963,718,NOHA,9,specialist,175,820000,447,20187,7391,3450,5399,57262
1963,718,OSPR,10,specialist,186,400000,1570,20187,7391,3450,5399,57262
1963,718,PEFA,11,generalist,21,37000,794,20187,7391,3450,5399,57262
1963,718,RLHA,12,specialist,6,300000,951,20187,7391,3450,5399,57262
1963,718,RSHA,13,specialist,198,1800000,625,20187,7391,3450,5399,57262
1963,718,RTHA,14,generalist,3402,2800000,1126,20187,7391,3450,5399,57262
1963,718,SSHA,15,specialist,1518,410000,165.5,20187,7391,3450,5399,57262
1963,718,TUVU,16,generalist,178,8400000,1425,20187,7391,3450,5399,57262
1964,711,AMKE,1,specialist,235,2800000,115.5,16653,6533,3406,5716,59940
1964,711,BAEA,2,generalist,27,200000,4790,16653,6533,3406,5716,59940
1964,711,BWHA,4,specialist,10180,1800000,397,16653,6533,3406,5716,59940
1964,711,COHA,5,generalist,61,840000,452,16653,6533,3406,5716,59940
1964,711,GOEA,6,generalist,24,63000,4200,16653,6533,3406,5716,59940
1964,711,MERL,7,generalist,10,1600000,222,16653,6533,3406,5716,59940
1964,711,NOGO,8,specialist,17,210000,990,16653,6533,3406,5716,59940
1964,711,NOHA,9,specialist,185,820000,447,16653,6533,3406,5716,59940
1964,711,OSPR,10,specialist,324,400000,1570,16653,6533,3406,5716,59940
1964,711,PEFA,11,generalist,19,37000,794,16653,6533,3406,5716,59940
1964,711,RLHA,12,specialist,14,300000,951,16653,6533,3406,5716,59940
1964,711,RSHA,13,specialist,217,1800000,625,16653,6533,3406,5716,59940
1964,711,RTHA,14,generalist,2626,2800000,1126,16653,6533,3406,5716,59940
1964,711,SSHA,15,specialist,1259,410000,165.5,16653,6533,3406,5716,59940
1964,711,TUVU,16,generalist,7,8400000,1425,16653,6533,3406,5716,59940
1965,688,AMKE,1,specialist,391,2800000,115.5,16653,6533,3406,5716,59940
1965,688,BAEA,2,generalist,36,200000,4790,16653,6533,3406,5716,59940
1965,688,BWHA,4,specialist,9235,1800000,397,16653,6533,3406,5716,59940
1965,688,COHA,5,generalist,100,840000,452,16653,6533,3406,5716,59940
1965,688,GOEA,6,generalist,34,63000,4200,16653,6533,3406,5716,59940
1965,688,MERL,7,generalist,20,1600000,222,16653,6533,3406,5716,59940
1965,688,NOGO,8,specialist,102,210000,990,16653,6533,3406,5716,59940
1965,688,NOHA,9,specialist,182,820000,447,16653,6533,3406,5716,59940
1965,688,OSPR,10,specialist,452,400000,1570,16653,6533,3406,5716,59940
1965,688,PEFA,11,generalist,13,37000,794,16653,6533,3406,5716,59940
1965,688,RLHA,12,specialist,4,300000,951,16653,6533,3406,5716,59940
1965,688,RSHA,13,specialist,300,1800000,625,16653,6533,3406,5716,59940
1965,688,RTHA,14,generalist,3297,2800000,1126,16653,6533,3406,5716,59940
1965,688,SSHA,15,specialist,3103,410000,165.5,16653,6533,3406,5716,59940
1965,688,TUVU,16,generalist,105,8400000,1425,16653,6533,3406,5716,59940
1966,575,AMKE,1,specialist,539,2800000,115.5,16653,6533,3406,5716,59940
1966,575,BAEA,2,generalist,25,200000,4790,16653,6533,3406,5716,59940
1966,575,BWHA,4,specialist,10110,1800000,397,16653,6533,3406,5716,59940
1966,575,COHA,5,generalist,82,840000,452,16653,6533,3406,5716,59940
1966,575,GOEA,6,generalist,12,63000,4200,16653,6533,3406,5716,59940
1966,575,MERL,7,generalist,21,1600000,222,16653,6533,3406,5716,59940
1966,575,NOGO,8,specialist,22,210000,990,16653,6533,3406,5716,59940
1966,575,NOHA,9,specialist,160,820000,447,16653,6533,3406,5716,59940
1966,575,OSPR,10,specialist,388,400000,1570,16653,6533,3406,5716,59940
1966,575,PEFA,11,generalist,22,37000,794,16653,6533,3406,5716,59940
1966,575,RLHA,12,specialist,3,300000,951,16653,6533,3406,5716,59940
1966,575,RSHA,13,specialist,197,1800000,625,16653,6533,3406,5716,59940
1966,575,RTHA,14,generalist,2126,2800000,1126,16653,6533,3406,5716,59940
1966,575,SSHA,15,specialist,2883,410000,165.5,16653,6533,3406,5716,59940
1966,575,TUVU,16,generalist,0,8400000,1425,16653,6533,3406,5716,59940
1967,552,AMKE,1,specialist,554,2800000,115.5,16653,6533,3406,5716,59940
1967,552,BAEA,2,generalist,30,200000,4790,16653,6533,3406,5716,59940
1967,552,BWHA,4,specialist,8000,1800000,397,16653,6533,3406,5716,59940
1967,552,COHA,5,generalist,76,840000,452,16653,6533,3406,5716,59940
1967,552,GOEA,6,generalist,30,63000,4200,16653,6533,3406,5716,59940
1967,552,MERL,7,generalist,16,1600000,222,16653,6533,3406,5716,59940
1967,552,NOGO,8,specialist,25,210000,990,16653,6533,3406,5716,59940
1967,552,NOHA,9,specialist,147,820000,447,16653,6533,3406,5716,59940
1967,552,OSPR,10,specialist,380,400000,1570,16653,6533,3406,5716,59940
1967,552,PEFA,11,generalist,16,37000,794,16653,6533,3406,5716,59940
1967,552,RLHA,12,specialist,5,300000,951,16653,6533,3406,5716,59940
1967,552,RSHA,13,specialist,140,1800000,625,16653,6533,3406,5716,59940
1967,552,RTHA,14,generalist,1854,2800000,1126,16653,6533,3406,5716,59940
1967,552,SSHA,15,specialist,2330,410000,165.5,16653,6533,3406,5716,59940
1967,552,TUVU,16,generalist,3,8400000,1425,16653,6533,3406,5716,59940
1968,511,AMKE,1,specialist,592,2800000,115.5,16653,6533,3406,5716,59940
1968,511,BAEA,2,generalist,41,200000,4790,16653,6533,3406,5716,59940
1968,511,BWHA,4,specialist,14041,1800000,397,16653,6533,3406,5716,59940
1968,511,COHA,5,generalist,145,840000,452,16653,6533,3406,5716,59940
1968,511,GOEA,6,generalist,27,63000,4200,16653,6533,3406,5716,59940
1968,511,MERL,7,generalist,13,1600000,222,16653,6533,3406,5716,59940
1968,511,NOGO,8,specialist,182,210000,990,16653,6533,3406,5716,59940
1968,511,NOHA,9,specialist,240,820000,447,16653,6533,3406,5716,59940
1968,511,OSPR,10,specialist,209,400000,1570,16653,6533,3406,5716,59940
1968,511,PEFA,11,generalist,12,37000,794,16653,6533,3406,5716,59940
1968,511,RLHA,12,specialist,5,300000,951,16653,6533,3406,5716,59940
1968,511,RSHA,13,specialist,273,1800000,625,16653,6533,3406,5716,59940
1968,511,RTHA,14,generalist,3765,2800000,1126,16653,6533,3406,5716,59940
1968,511,SSHA,15,specialist,2253,410000,165.5,16653,6533,3406,5716,59940
1968,511,TUVU,16,generalist,1,8400000,1425,16653,6533,3406,5716,59940
1969,817,AMKE,1,specialist,537,2800000,115.5,15426,2834,2066,6039,65860
1969,817,BAEA,2,generalist,30,200000,4790,15426,2834,2066,6039,65860
1969,817,BWHA,4,specialist,8515,1800000,397,15426,2834,2066,6039,65860
1969,817,COHA,5,generalist,111,840000,452,15426,2834,2066,6039,65860
1969,817,GOEA,6,generalist,22,63000,4200,15426,2834,2066,6039,65860
1969,817,MERL,7,generalist,27,1600000,222,15426,2834,2066,6039,65860
1969,817,NOGO,8,specialist,124,210000,990,15426,2834,2066,6039,65860
1969,817,NOHA,9,specialist,221,820000,447,15426,2834,2066,6039,65860
1969,817,OSPR,10,specialist,338,400000,1570,15426,2834,2066,6039,65860
1969,817,PEFA,11,generalist,17,37000,794,15426,2834,2066,6039,65860
1969,817,RLHA,12,specialist,13,300000,951,15426,2834,2066,6039,65860
1969,817,RSHA,13,specialist,186,1800000,625,15426,2834,2066,6039,65860
1969,817,RTHA,14,generalist,3366,2800000,1126,15426,2834,2066,6039,65860
1969,817,SSHA,15,specialist,2670,410000,165.5,15426,2834,2066,6039,65860
1970,459,AMKE,1,specialist,409,2800000,115.5,15426,2834,2066,6039,65860
1970,459,BAEA,2,generalist,25,200000,4790,15426,2834,2066,6039,65860
1970,459,BWHA,4,specialist,9153,1800000,397,15426,2834,2066,6039,65860
1970,459,COHA,5,generalist,105,840000,452,15426,2834,2066,6039,65860
1970,459,GOEA,6,generalist,15,63000,4200,15426,2834,2066,6039,65860
1970,459,MERL,7,generalist,15,1600000,222,15426,2834,2066,6039,65860
1970,459,NOGO,8,specialist,75,210000,990,15426,2834,2066,6039,65860
1970,459,NOHA,9,specialist,249,820000,447,15426,2834,2066,6039,65860
1970,459,OSPR,10,specialist,348,400000,1570,15426,2834,2066,6039,65860
1970,459,PEFA,11,generalist,17,37000,794,15426,2834,2066,6039,65860
1970,459,RLHA,12,specialist,10,300000,951,15426,2834,2066,6039,65860
1970,459,RSHA,13,specialist,130,1800000,625,15426,2834,2066,6039,65860
1970,459,RTHA,14,generalist,2503,2800000,1126,15426,2834,2066,6039,65860
1970,459,SSHA,15,specialist,1906,410000,165.5,15426,2834,2066,6039,65860
1971,320,AMKE,1,specialist,365,2800000,115.5,15426,2834,2066,6039,65860
1971,320,BAEA,2,generalist,14,200000,4790,15426,2834,2066,6039,65860
1971,320,BWHA,4,specialist,5603,1800000,397,15426,2834,2066,6039,65860
1971,320,COHA,5,generalist,69,840000,452,15426,2834,2066,6039,65860
1971,320,GOEA,6,generalist,23,63000,4200,15426,2834,2066,6039,65860
1971,320,MERL,7,generalist,12,1600000,222,15426,2834,2066,6039,65860
1971,320,NOGO,8,specialist,33,210000,990,15426,2834,2066,6039,65860
1971,320,NOHA,9,specialist,136,820000,447,15426,2834,2066,6039,65860
1971,320,OSPR,10,specialist,264,400000,1570,15426,2834,2066,6039,65860
1971,320,PEFA,11,generalist,9,37000,794,15426,2834,2066,6039,65860
1971,320,RLHA,12,specialist,7,300000,951,15426,2834,2066,6039,65860
1971,320,RSHA,13,specialist,87,1800000,625,15426,2834,2066,6039,65860
1971,320,RTHA,14,generalist,1781,2800000,1126,15426,2834,2066,6039,65860
1971,320,SSHA,15,specialist,2135,410000,165.5,15426,2834,2066,6039,65860
1972,437,AMKE,1,specialist,393,2800000,115.5,15426,2834,2066,6039,65860
1972,437,BAEA,2,generalist,14,200000,4790,15426,2834,2066,6039,65860
1972,437,BWHA,4,specialist,8131,1800000,397,15426,2834,2066,6039,65860
1972,437,COHA,5,generalist,114,840000,452,15426,2834,2066,6039,65860
1972,437,GOEA,6,generalist,33,63000,4200,15426,2834,2066,6039,65860
1972,437,MERL,7,generalist,7,1600000,222,15426,2834,2066,6039,65860
1972,437,NOGO,8,specialist,347,210000,990,15426,2834,2066,6039,65860
1972,437,NOHA,9,specialist,154,820000,447,15426,2834,2066,6039,65860
1972,437,OSPR,10,specialist,272,400000,1570,15426,2834,2066,6039,65860
1972,437,PEFA,11,generalist,6,37000,794,15426,2834,2066,6039,65860
1972,437,RLHA,12,specialist,6,300000,951,15426,2834,2066,6039,65860
1972,437,RSHA,13,specialist,123,1800000,625,15426,2834,2066,6039,65860
1972,437,RTHA,14,generalist,3463,2800000,1126,15426,2834,2066,6039,65860
1972,437,SSHA,15,specialist,2233,410000,165.5,15426,2834,2066,6039,65860
1973,518,AMKE,1,specialist,479,2800000,115.5,15426,2834,2066,6039,65860
1973,518,BAEA,2,generalist,17,200000,4790,15426,2834,2066,6039,65860
1973,518,BWHA,4,specialist,6404,1800000,397,15426,2834,2066,6039,65860
1973,518,COHA,5,generalist,81,840000,452,15426,2834,2066,6039,65860
1973,518,GOEA,6,generalist,46,63000,4200,15426,2834,2066,6039,65860
1973,518,MERL,7,generalist,13,1600000,222,15426,2834,2066,6039,65860
1973,518,NOGO,8,specialist,307,210000,990,15426,2834,2066,6039,65860
1973,518,NOHA,9,specialist,177,820000,447,15426,2834,2066,6039,65860
1973,518,OSPR,10,specialist,346,400000,1570,15426,2834,2066,6039,65860
1973,518,PEFA,11,generalist,9,37000,794,15426,2834,2066,6039,65860
1973,518,RLHA,12,specialist,8,300000,951,15426,2834,2066,6039,65860
1973,518,RSHA,13,specialist,116,1800000,625,15426,2834,2066,6039,65860
1973,518,RTHA,14,generalist,3098,2800000,1126,15426,2834,2066,6039,65860
1973,518,SSHA,15,specialist,3347,410000,165.5,15426,2834,2066,6039,65860
1974,531,AMKE,1,specialist,434,2800000,115.5,14895,3173,1774,6485,64641
1974,531,BAEA,2,generalist,13,200000,4790,14895,3173,1774,6485,64641
1974,531,BWHA,4,specialist,9146,1800000,397,14895,3173,1774,6485,64641
1974,531,COHA,5,generalist,150,840000,452,14895,3173,1774,6485,64641
1974,531,GOEA,6,generalist,27,63000,4200,14895,3173,1774,6485,64641
1974,531,MERL,7,generalist,10,1600000,222,14895,3173,1774,6485,64641
1974,531,NOGO,8,specialist,61,210000,990,14895,3173,1774,6485,64641
1974,531,NOHA,9,specialist,163,820000,447,14895,3173,1774,6485,64641
1974,531,OSPR,10,specialist,183,400000,1570,14895,3173,1774,6485,64641
1974,531,PEFA,11,generalist,7,37000,794,14895,3173,1774,6485,64641
1974,531,RLHA,12,specialist,17,300000,951,14895,3173,1774,6485,64641
1974,531,RSHA,13,specialist,182,1800000,625,14895,3173,1774,6485,64641
1974,531,RTHA,14,generalist,3658,2800000,1126,14895,3173,1774,6485,64641
1974,531,SSHA,15,specialist,4477,410000,165.5,14895,3173,1774,6485,64641
1975,490,AMKE,1,specialist,487,2800000,115.5,14895,3173,1774,6485,64641
1975,490,BAEA,2,generalist,19,200000,4790,14895,3173,1774,6485,64641
1975,490,BWHA,4,specialist,10390,1800000,397,14895,3173,1774,6485,64641
1975,490,COHA,5,generalist,126,840000,452,14895,3173,1774,6485,64641
1975,490,GOEA,6,generalist,27,63000,4200,14895,3173,1774,6485,64641
1975,490,MERL,7,generalist,19,1600000,222,14895,3173,1774,6485,64641
1975,490,NOGO,8,specialist,136,210000,990,14895,3173,1774,6485,64641
1975,490,NOHA,9,specialist,267,820000,447,14895,3173,1774,6485,64641
1975,490,OSPR,10,specialist,196,400000,1570,14895,3173,1774,6485,64641
1975,490,PEFA,11,generalist,6,37000,794,14895,3173,1774,6485,64641
1975,490,RLHA,12,specialist,9,300000,951,14895,3173,1774,6485,64641
1975,490,RSHA,13,specialist,205,1800000,625,14895,3173,1774,6485,64641
1975,490,RTHA,14,generalist,2880,2800000,1126,14895,3173,1774,6485,64641
1975,490,SSHA,15,specialist,5354,410000,165.5,14895,3173,1774,6485,64641
1976,557,AMKE,1,specialist,413,2800000,115.5,14895,3173,1774,6485,64641
1976,557,BAEA,2,generalist,18,200000,4790,14895,3173,1774,6485,64641
1976,557,BWHA,4,specialist,8461,1800000,397,14895,3173,1774,6485,64641
1976,557,COHA,5,generalist,109,840000,452,14895,3173,1774,6485,64641
1976,557,GOEA,6,generalist,40,63000,4200,14895,3173,1774,6485,64641
1976,557,MERL,7,generalist,20,1600000,222,14895,3173,1774,6485,64641
1976,557,NOGO,8,specialist,62,210000,990,14895,3173,1774,6485,64641
1976,557,NOHA,9,specialist,248,820000,447,14895,3173,1774,6485,64641
1976,557,OSPR,10,specialist,314,400000,1570,14895,3173,1774,6485,64641
1976,557,PEFA,11,generalist,8,37000,794,14895,3173,1774,6485,64641
1976,557,RLHA,12,specialist,13,300000,951,14895,3173,1774,6485,64641
1976,557,RSHA,13,specialist,167,1800000,625,14895,3173,1774,6485,64641
1976,557,RTHA,14,generalist,3694,2800000,1126,14895,3173,1774,6485,64641
1976,557,SSHA,15,specialist,5376,410000,165.5,14895,3173,1774,6485,64641
1977,541,AMKE,1,specialist,705,2800000,115.5,14895,3173,1774,6485,64641
1977,541,BAEA,2,generalist,19,200000,4790,14895,3173,1774,6485,64641
1977,541,BWHA,4,specialist,13009,1800000,397,14895,3173,1774,6485,64641
1977,541,COHA,5,generalist,231,840000,452,14895,3173,1774,6485,64641
1977,541,GOEA,6,generalist,28,63000,4200,14895,3173,1774,6485,64641
1977,541,MERL,7,generalist,27,1600000,222,14895,3173,1774,6485,64641
1977,541,NOGO,8,specialist,85,210000,990,14895,3173,1774,6485,64641
1977,541,NOHA,9,specialist,288,820000,447,14895,3173,1774,6485,64641
1977,541,OSPR,10,specialist,340,400000,1570,14895,3173,1774,6485,64641
1977,541,PEFA,11,generalist,11,37000,794,14895,3173,1774,6485,64641
1977,541,RLHA,12,specialist,17,300000,951,14895,3173,1774,6485,64641
1977,541,RSHA,13,specialist,266,1800000,625,14895,3173,1774,6485,64641
1977,541,RTHA,14,generalist,3504,2800000,1126,14895,3173,1774,6485,64641
1977,541,SSHA,15,specialist,10612,410000,165.5,14895,3173,1774,6485,64641
1978,664,AMKE,1,specialist,370,2800000,115.5,15092,2778,1994,8076,63133
1978,664,BAEA,2,generalist,27,200000,4790,15092,2778,1994,8076,63133
1978,664,BWHA,4,specialist,29519,1800000,397,15092,2778,1994,8076,63133
1978,664,COHA,5,generalist,153,840000,452,15092,2778,1994,8076,63133
1978,664,GOEA,6,generalist,28,63000,4200,15092,2778,1994,8076,63133
1978,664,MERL,7,generalist,16,1600000,222,15092,2778,1994,8076,63133
1978,664,NOGO,8,specialist,58,210000,990,15092,2778,1994,8076,63133
1978,664,NOHA,9,specialist,183,820000,447,15092,2778,1994,8076,63133
1978,664,OSPR,10,specialist,380,400000,1570,15092,2778,1994,8076,63133
1978,664,PEFA,11,generalist,9,37000,794,15092,2778,1994,8076,63133
1978,664,RLHA,12,specialist,7,300000,951,15092,2778,1994,8076,63133
1978,664,RSHA,13,specialist,163,1800000,625,15092,2778,1994,8076,63133
1978,664,RTHA,14,generalist,2852,2800000,1126,15092,2778,1994,8076,63133
1978,664,SSHA,15,specialist,6826,410000,165.5,15092,2778,1994,8076,63133
1979,752,AMKE,1,specialist,544,2800000,115.5,15092,2778,1994,8076,63133
1979,752,BAEA,2,generalist,16,200000,4790,15092,2778,1994,8076,63133
1979,752,BWHA,4,specialist,11173,1800000,397,15092,2778,1994,8076,63133
1979,752,COHA,5,generalist,336,840000,452,15092,2778,1994,8076,63133
1979,752,GOEA,6,generalist,33,63000,4200,15092,2778,1994,8076,63133
1979,752,MERL,7,generalist,52,1600000,222,15092,2778,1994,8076,63133
1979,752,NOGO,8,specialist,68,210000,990,15092,2778,1994,8076,63133
1979,752,NOHA,9,specialist,235,820000,447,15092,2778,1994,8076,63133
1979,752,OSPR,10,specialist,443,400000,1570,15092,2778,1994,8076,63133
1979,752,PEFA,11,generalist,14,37000,794,15092,2778,1994,8076,63133
1979,752,RLHA,12,specialist,14,300000,951,15092,2778,1994,8076,63133
1979,752,RSHA,13,specialist,234,1800000,625,15092,2778,1994,8076,63133
1979,752,RTHA,14,generalist,4175,2800000,1126,15092,2778,1994,8076,63133
1979,752,SSHA,15,specialist,10306,410000,165.5,15092,2778,1994,8076,63133
1980,878,AMKE,1,specialist,529,2800000,115.5,15092,2778,1994,8076,63133
1980,878,BAEA,2,generalist,22,200000,4790,15092,2778,1994,8076,63133
1980,878,BWHA,4,specialist,10141,1800000,397,15092,2778,1994,8076,63133
1980,878,COHA,5,generalist,374,840000,452,15092,2778,1994,8076,63133
1980,878,GOEA,6,generalist,63,63000,4200,15092,2778,1994,8076,63133
1980,878,MERL,7,generalist,29,1600000,222,15092,2778,1994,8076,63133
1980,878,NOGO,8,specialist,83,210000,990,15092,2778,1994,8076,63133
1980,878,NOHA,9,specialist,475,820000,447,15092,2778,1994,8076,63133
1980,878,OSPR,10,specialist,364,400000,1570,15092,2778,1994,8076,63133
1980,878,PEFA,11,generalist,9,37000,794,15092,2778,1994,8076,63133
1980,878,RLHA,12,specialist,23,300000,951,15092,2778,1994,8076,63133
1980,878,RSHA,13,specialist,349,1800000,625,15092,2778,1994,8076,63133
1980,878,RTHA,14,generalist,5715,2800000,1126,15092,2778,1994,8076,63133
1980,878,SSHA,15,specialist,8319,410000,165.5,15092,2778,1994,8076,63133
1981,814,AMKE,1,specialist,708,2800000,115.5,15092,2778,1994,8076,63133
1981,814,BAEA,2,generalist,28,200000,4790,15092,2778,1994,8076,63133
1981,814,BWHA,4,specialist,8660,1800000,397,15092,2778,1994,8076,63133
1981,814,COHA,5,generalist,756,840000,452,15092,2778,1994,8076,63133
1981,814,GOEA,6,generalist,52,63000,4200,15092,2778,1994,8076,63133
1981,814,MERL,7,generalist,47,1600000,222,15092,2778,1994,8076,63133
1981,814,NOGO,8,specialist,138,210000,990,15092,2778,1994,8076,63133
1981,814,NOHA,9,specialist,280,820000,447,15092,2778,1994,8076,63133
1981,814,OSPR,10,specialist,538,400000,1570,15092,2778,1994,8076,63133
1981,814,PEFA,11,generalist,20,37000,794,15092,2778,1994,8076,63133
1981,814,RLHA,12,specialist,18,300000,951,15092,2778,1994,8076,63133
1981,814,RSHA,13,specialist,250,1800000,625,15092,2778,1994,8076,63133
1981,814,RTHA,14,generalist,3939,2800000,1126,15092,2778,1994,8076,63133
1981,814,SSHA,15,specialist,9464,410000,165.5,15092,2778,1994,8076,63133
1982,875,AMKE,1,specialist,400,2800000,115.5,14548,2378,1590,8738,64366
1982,875,BAEA,2,generalist,33,200000,4790,14548,2378,1590,8738,64366
1982,875,BWHA,4,specialist,7163,1800000,397,14548,2378,1590,8738,64366
1982,875,COHA,5,generalist,302,840000,452,14548,2378,1590,8738,64366
1982,875,GOEA,6,generalist,53,63000,4200,14548,2378,1590,8738,64366
1982,875,MERL,7,generalist,20,1600000,222,14548,2378,1590,8738,64366
1982,875,NOGO,8,specialist,140,210000,990,14548,2378,1590,8738,64366
1982,875,NOHA,9,specialist,293,820000,447,14548,2378,1590,8738,64366
1982,875,OSPR,10,specialist,433,400000,1570,14548,2378,1590,8738,64366
1982,875,PEFA,11,generalist,6,37000,794,14548,2378,1590,8738,64366
1982,875,RLHA,12,specialist,17,300000,951,14548,2378,1590,8738,64366
1982,875,RSHA,13,specialist,320,1800000,625,14548,2378,1590,8738,64366
1982,875,RTHA,14,generalist,5025,2800000,1126,14548,2378,1590,8738,64366
1982,875,SSHA,15,specialist,4541,410000,165.5,14548,2378,1590,8738,64366
1983,912,AMKE,1,specialist,461,2800000,115.5,14548,2378,1590,8738,64366
1983,912,BAEA,2,generalist,24,200000,4790,14548,2378,1590,8738,64366
1983,912,BWHA,4,specialist,6922,1800000,397,14548,2378,1590,8738,64366
1983,912,COHA,5,generalist,352,840000,452,14548,2378,1590,8738,64366
1983,912,GOEA,6,generalist,56,63000,4200,14548,2378,1590,8738,64366
1983,912,MERL,7,generalist,21,1600000,222,14548,2378,1590,8738,64366
1983,912,NOGO,8,specialist,129,210000,990,14548,2378,1590,8738,64366
1983,912,NOHA,9,specialist,318,820000,447,14548,2378,1590,8738,64366
1983,912,OSPR,10,specialist,454,400000,1570,14548,2378,1590,8738,64366
1983,912,PEFA,11,generalist,8,37000,794,14548,2378,1590,8738,64366
1983,912,RLHA,12,specialist,14,300000,951,14548,2378,1590,8738,64366
1983,912,RSHA,13,specialist,451,1800000,625,14548,2378,1590,8738,64366
1983,912,RTHA,14,generalist,3954,2800000,1126,14548,2378,1590,8738,64366
1983,912,SSHA,15,specialist,6517,410000,165.5,14548,2378,1590,8738,64366
1983,912,TUVU,16,generalist,4,8400000,1425,14548,2378,1590,8738,64366
1984,941,AMKE,1,specialist,331,2800000,115.5,14548,2378,1590,8738,64366
1984,941,BAEA,2,generalist,41,200000,4790,14548,2378,1590,8738,64366
1984,941,BWHA,4,specialist,13619,1800000,397,14548,2378,1590,8738,64366
1984,941,COHA,5,generalist,171,840000,452,14548,2378,1590,8738,64366
1984,941,GOEA,6,generalist,36,63000,4200,14548,2378,1590,8738,64366
1984,941,MERL,7,generalist,21,1600000,222,14548,2378,1590,8738,64366
1984,941,NOGO,8,specialist,59,210000,990,14548,2378,1590,8738,64366
1984,941,NOHA,9,specialist,317,820000,447,14548,2378,1590,8738,64366
1984,941,OSPR,10,specialist,579,400000,1570,14548,2378,1590,8738,64366
1984,941,PEFA,11,generalist,8,37000,794,14548,2378,1590,8738,64366
1984,941,RLHA,12,specialist,5,300000,951,14548,2378,1590,8738,64366
1984,941,RSHA,13,specialist,208,1800000,625,14548,2378,1590,8738,64366
1984,941,RTHA,14,generalist,3157,2800000,1126,14548,2378,1590,8738,64366
1984,941,SSHA,15,specialist,3796,410000,165.5,14548,2378,1590,8738,64366
1984,941,TUVU,16,generalist,1,8400000,1425,14548,2378,1590,8738,64366
1985,802,AMKE,1,specialist,383,2800000,115.5,14548,2378,1590,8738,64366
1985,802,BAEA,2,generalist,37,200000,4790,14548,2378,1590,8738,64366
1985,802,BLVU,3,generalist,4,1900000,1640,14548,2378,1590,8738,64366
1985,802,BWHA,4,specialist,3415,1800000,397,14548,2378,1590,8738,64366
1985,802,COHA,5,generalist,291,840000,452,14548,2378,1590,8738,64366
1985,802,GOEA,6,generalist,58,63000,4200,14548,2378,1590,8738,64366
1985,802,MERL,7,generalist,36,1600000,222,14548,2378,1590,8738,64366
1985,802,NOGO,8,specialist,50,210000,990,14548,2378,1590,8738,64366
1985,802,NOHA,9,specialist,368,820000,447,14548,2378,1590,8738,64366
1985,802,OSPR,10,specialist,405,400000,1570,14548,2378,1590,8738,64366
1985,802,PEFA,11,generalist,12,37000,794,14548,2378,1590,8738,64366
1985,802,RLHA,12,specialist,12,300000,951,14548,2378,1590,8738,64366
1985,802,RSHA,13,specialist,203,1800000,625,14548,2378,1590,8738,64366
1985,802,RTHA,14,generalist,2895,2800000,1126,14548,2378,1590,8738,64366
1985,802,SSHA,15,specialist,5766,410000,165.5,14548,2378,1590,8738,64366
1986,822,AMKE,1,specialist,455,2800000,115.5,14548,2378,1590,8738,64366
1986,822,BAEA,2,generalist,56,200000,4790,14548,2378,1590,8738,64366
1986,822,BLVU,3,generalist,28,1900000,1640,14548,2378,1590,8738,64366
1986,822,BWHA,4,specialist,13996,1800000,397,14548,2378,1590,8738,64366
1986,822,COHA,5,generalist,569,840000,452,14548,2378,1590,8738,64366
1986,822,GOEA,6,generalist,43,63000,4200,14548,2378,1590,8738,64366
1986,822,MERL,7,generalist,78,1600000,222,14548,2378,1590,8738,64366
1986,822,NOGO,8,specialist,106,210000,990,14548,2378,1590,8738,64366
1986,822,NOHA,9,specialist,304,820000,447,14548,2378,1590,8738,64366
1986,822,OSPR,10,specialist,798,400000,1570,14548,2378,1590,8738,64366
1986,822,PEFA,11,generalist,25,37000,794,14548,2378,1590,8738,64366
1986,822,RLHA,12,specialist,11,300000,951,14548,2378,1590,8738,64366
1986,822,RSHA,13,specialist,175,1800000,625,14548,2378,1590,8738,64366
1986,822,RTHA,14,generalist,3305,2800000,1126,14548,2378,1590,8738,64366
1986,822,SSHA,15,specialist,9239,410000,165.5,14548,2378,1590,8738,64366
1986,822,TUVU,16,generalist,24,8400000,1425,14548,2378,1590,8738,64366
1987,910,AMKE,1,specialist,576,2800000,115.5,13344,2550,1559,8798,64611
1987,910,BAEA,2,generalist,65,200000,4790,13344,2550,1559,8798,64611
1987,910,BLVU,3,generalist,30,1900000,1640,13344,2550,1559,8798,64611
1987,910,BWHA,4,specialist,8409,1800000,397,13344,2550,1559,8798,64611
1987,910,COHA,5,generalist,590,840000,452,13344,2550,1559,8798,64611
1987,910,GOEA,6,generalist,98,63000,4200,13344,2550,1559,8798,64611
1987,910,MERL,7,generalist,51,1600000,222,13344,2550,1559,8798,64611
1987,910,NOGO,8,specialist,57,210000,990,13344,2550,1559,8798,64611
1987,910,NOHA,9,specialist,356,820000,447,13344,2550,1559,8798,64611
1987,910,OSPR,10,specialist,669,400000,1570,13344,2550,1559,8798,64611
1987,910,PEFA,11,generalist,31,37000,794,13344,2550,1559,8798,64611
1987,910,RLHA,12,specialist,22,300000,951,13344,2550,1559,8798,64611
1987,910,RSHA,13,specialist,351,1800000,625,13344,2550,1559,8798,64611
1987,910,RTHA,14,generalist,4215,2800000,1126,13344,2550,1559,8798,64611
1987,910,SSHA,15,specialist,6776,410000,165.5,13344,2550,1559,8798,64611
1987,910,TUVU,16,generalist,70,8400000,1425,13344,2550,1559,8798,64611
1988,969,AMKE,1,specialist,634,2800000,115.5,13344,2550,1559,8798,64611
1988,969,BAEA,2,generalist,57,200000,4790,13344,2550,1559,8798,64611
1988,969,BLVU,3,generalist,16,1900000,1640,13344,2550,1559,8798,64611
1988,969,BWHA,4,specialist,5944,1800000,397,13344,2550,1559,8798,64611
1988,969,COHA,5,generalist,459,840000,452,13344,2550,1559,8798,64611
1988,969,GOEA,6,generalist,66,63000,4200,13344,2550,1559,8798,64611
1988,969,MERL,7,generalist,49,1600000,222,13344,2550,1559,8798,64611
1988,969,NOGO,8,specialist,50,210000,990,13344,2550,1559,8798,64611
1988,969,NOHA,9,specialist,306,820000,447,13344,2550,1559,8798,64611
1988,969,OSPR,10,specialist,609,400000,1570,13344,2550,1559,8798,64611
1988,969,PEFA,11,generalist,15,37000,794,13344,2550,1559,8798,64611
1988,969,RLHA,12,specialist,14,300000,951,13344,2550,1559,8798,64611
1988,969,RSHA,13,specialist,365,1800000,625,13344,2550,1559,8798,64611
1988,969,RTHA,14,generalist,4687,2800000,1126,13344,2550,1559,8798,64611
1988,969,SSHA,15,specialist,6714,410000,165.5,13344,2550,1559,8798,64611
1988,969,TUVU,16,generalist,51,8400000,1425,13344,2550,1559,8798,64611
1989,921,AMKE,1,specialist,839,2800000,115.5,13344,2550,1559,8798,64611
1989,921,BAEA,2,generalist,62,200000,4790,13344,2550,1559,8798,64611
1989,921,BLVU,3,generalist,53,1900000,1640,13344,2550,1559,8798,64611
1989,921,BWHA,4,specialist,7504,1800000,397,13344,2550,1559,8798,64611
1989,921,COHA,5,generalist,786,840000,452,13344,2550,1559,8798,64611
1989,921,GOEA,6,generalist,45,63000,4200,13344,2550,1559,8798,64611
1989,921,MERL,7,generalist,157,1600000,222,13344,2550,1559,8798,64611
1989,921,NOGO,8,specialist,27,210000,990,13344,2550,1559,8798,64611
1989,921,NOHA,9,specialist,401,820000,447,13344,2550,1559,8798,64611
1989,921,OSPR,10,specialist,758,400000,1570,13344,2550,1559,8798,64611
1989,921,PEFA,11,generalist,51,37000,794,13344,2550,1559,8798,64611
1989,921,RLHA,12,specialist,12,300000,951,13344,2550,1559,8798,64611
1989,921,RSHA,13,specialist,260,1800000,625,13344,2550,1559,8798,64611
1989,921,RTHA,14,generalist,3710,2800000,1126,13344,2550,1559,8798,64611
1989,921,SSHA,15,specialist,9832,410000,165.5,13344,2550,1559,8798,64611
1989,921,TUVU,16,generalist,203,8400000,1425,13344,2550,1559,8798,64611
1990,965,AMKE,1,specialist,726,2800000,115.5,13344,2550,1559,8798,64611
1990,965,BAEA,2,generalist,76,200000,4790,13344,2550,1559,8798,64611
1990,965,BLVU,3,generalist,28,1900000,1640,13344,2550,1559,8798,64611
1990,965,BWHA,4,specialist,4656,1800000,397,13344,2550,1559,8798,64611
1990,965,COHA,5,generalist,642,840000,452,13344,2550,1559,8798,64611
1990,965,GOEA,6,generalist,77,63000,4200,13344,2550,1559,8798,64611
1990,965,MERL,7,generalist,144,1600000,222,13344,2550,1559,8798,64611
1990,965,NOGO,8,specialist,88,210000,990,13344,2550,1559,8798,64611
1990,965,NOHA,9,specialist,318,820000,447,13344,2550,1559,8798,64611
1990,965,OSPR,10,specialist,872,400000,1570,13344,2550,1559,8798,64611
1990,965,PEFA,11,generalist,48,37000,794,13344,2550,1559,8798,64611
1990,965,RLHA,12,specialist,21,300000,951,13344,2550,1559,8798,64611
1990,965,RSHA,13,specialist,328,1800000,625,13344,2550,1559,8798,64611
1990,965,RTHA,14,generalist,3785,2800000,1126,13344,2550,1559,8798,64611
1990,965,SSHA,15,specialist,8127,410000,165.5,13344,2550,1559,8798,64611
1990,965,TUVU,16,generalist,149,8400000,1425,13344,2550,1559,8798,64611
1991,992,AMKE,1,specialist,632,2800000,115.5,13344,2550,1559,8798,64611
1991,992,BAEA,2,generalist,70,200000,4790,13344,2550,1559,8798,64611
1991,992,BLVU,3,generalist,43,1900000,1640,13344,2550,1559,8798,64611
1991,992,BWHA,4,specialist,5858,1800000,397,13344,2550,1559,8798,64611
1991,992,COHA,5,generalist,578,840000,452,13344,2550,1559,8798,64611
1991,992,GOEA,6,generalist,58,63000,4200,13344,2550,1559,8798,64611
1991,992,MERL,7,generalist,90,1600000,222,13344,2550,1559,8798,64611
1991,992,NOGO,8,specialist,54,210000,990,13344,2550,1559,8798,64611
1991,992,NOHA,9,specialist,197,820000,447,13344,2550,1559,8798,64611
1991,992,OSPR,10,specialist,606,400000,1570,13344,2550,1559,8798,64611
1991,992,PEFA,11,generalist,44,37000,794,13344,2550,1559,8798,64611
1991,992,RLHA,12,specialist,9,300000,951,13344,2550,1559,8798,64611
1991,992,RSHA,13,specialist,168,1800000,625,13344,2550,1559,8798,64611
1991,992,RTHA,14,generalist,2970,2800000,1126,13344,2550,1559,8798,64611
1991,992,SSHA,15,specialist,5678,410000,165.5,13344,2550,1559,8798,64611
1991,992,TUVU,16,generalist,173,8400000,1425,13344,2550,1559,8798,64611
1992,957,AMKE,1,specialist,546,2800000,115.5,12101,2764,1299,9318,64262
1992,957,BAEA,2,generalist,91,200000,4790,12101,2764,1299,9318,64262
1992,957,BLVU,3,generalist,21,1900000,1640,12101,2764,1299,9318,64262
1992,957,BWHA,4,specialist,10661,1800000,397,12101,2764,1299,9318,64262
1992,957,COHA,5,generalist,663,840000,452,12101,2764,1299,9318,64262
1992,957,GOEA,6,generalist,56,63000,4200,12101,2764,1299,9318,64262
1992,957,MERL,7,generalist,73,1600000,222,12101,2764,1299,9318,64262
1992,957,NOGO,8,specialist,43,210000,990,12101,2764,1299,9318,64262
1992,957,NOHA,9,specialist,162,820000,447,12101,2764,1299,9318,64262
1992,957,OSPR,10,specialist,531,400000,1570,12101,2764,1299,9318,64262
1992,957,PEFA,11,generalist,41,37000,794,12101,2764,1299,9318,64262
1992,957,RLHA,12,specialist,4,300000,951,12101,2764,1299,9318,64262
1992,957,RSHA,13,specialist,243,1800000,625,12101,2764,1299,9318,64262
1992,957,RTHA,14,generalist,3288,2800000,1126,12101,2764,1299,9318,64262
1992,957,SSHA,15,specialist,4629,410000,165.5,12101,2764,1299,9318,64262
1992,957,TUVU,16,generalist,84,8400000,1425,12101,2764,1299,9318,64262
1993,986,AMKE,1,specialist,646,2800000,115.5,12101,2764,1299,9318,64262
1993,986,BAEA,2,generalist,81,200000,4790,12101,2764,1299,9318,64262
1993,986,BLVU,3,generalist,50,1900000,1640,12101,2764,1299,9318,64262
1993,986,BWHA,4,specialist,3592,1800000,397,12101,2764,1299,9318,64262
1993,986,COHA,5,generalist,562,840000,452,12101,2764,1299,9318,64262
1993,986,GOEA,6,generalist,70,63000,4200,12101,2764,1299,9318,64262
1993,986,MERL,7,generalist,80,1600000,222,12101,2764,1299,9318,64262
1993,986,NOGO,8,specialist,110,210000,990,12101,2764,1299,9318,64262
1993,986,NOHA,9,specialist,355,820000,447,12101,2764,1299,9318,64262
1993,986,OSPR,10,specialist,700,400000,1570,12101,2764,1299,9318,64262
1993,986,PEFA,11,generalist,50,37000,794,12101,2764,1299,9318,64262
1993,986,RLHA,12,specialist,6,300000,951,12101,2764,1299,9318,64262
1993,986,RSHA,13,specialist,248,1800000,625,12101,2764,1299,9318,64262
1993,986,RTHA,14,generalist,3744,2800000,1126,12101,2764,1299,9318,64262
1993,986,SSHA,15,specialist,5449,410000,165.5,12101,2764,1299,9318,64262
1993,986,TUVU,16,generalist,88,8400000,1425,12101,2764,1299,9318,64262
1994,1057,AMKE,1,specialist,688,2800000,115.5,12101,2764,1299,9318,64262
1994,1057,BAEA,2,generalist,80,200000,4790,12101,2764,1299,9318,64262
1994,1057,BLVU,3,generalist,56,1900000,1640,12101,2764,1299,9318,64262
1994,1057,BWHA,4,specialist,3513,1800000,397,12101,2764,1299,9318,64262
1994,1057,COHA,5,generalist,573,840000,452,12101,2764,1299,9318,64262
1994,1057,GOEA,6,generalist,85,63000,4200,12101,2764,1299,9318,64262
1994,1057,MERL,7,generalist,54,1600000,222,12101,2764,1299,9318,64262
1994,1057,NOGO,8,specialist,34,210000,990,12101,2764,1299,9318,64262
1994,1057,NOHA,9,specialist,296,820000,447,12101,2764,1299,9318,64262
1994,1057,OSPR,10,specialist,475,400000,1570,12101,2764,1299,9318,64262
1994,1057,PEFA,11,generalist,24,37000,794,12101,2764,1299,9318,64262
1994,1057,RLHA,12,specialist,9,300000,951,12101,2764,1299,9318,64262
1994,1057,RSHA,13,specialist,260,1800000,625,12101,2764,1299,9318,64262
1994,1057,RTHA,14,generalist,4424,2800000,1126,12101,2764,1299,9318,64262
1994,1057,SSHA,15,specialist,4934,410000,165.5,12101,2764,1299,9318,64262
1994,1057,TUVU,16,generalist,198,8400000,1425,12101,2764,1299,9318,64262
1995,1020,AMKE,1,specialist,655,2800000,115.5,12101,2764,1299,9318,64262
1995,1020,BAEA,2,generalist,130,200000,4790,12101,2764,1299,9318,64262
1995,1020,BLVU,3,generalist,43,1900000,1640,12101,2764,1299,9318,64262
1995,1020,BWHA,4,specialist,10077,1800000,397,12101,2764,1299,9318,64262
1995,1020,COHA,5,generalist,643,840000,452,12101,2764,1299,9318,64262
1995,1020,GOEA,6,generalist,100,63000,4200,12101,2764,1299,9318,64262
1995,1020,MERL,7,generalist,168,1600000,222,12101,2764,1299,9318,64262
1995,1020,NOGO,8,specialist,120,210000,990,12101,2764,1299,9318,64262
1995,1020,NOHA,9,specialist,272,820000,447,12101,2764,1299,9318,64262
1995,1020,OSPR,10,specialist,468,400000,1570,12101,2764,1299,9318,64262
1995,1020,PEFA,11,generalist,28,37000,794,12101,2764,1299,9318,64262
1995,1020,RLHA,12,specialist,9,300000,951,12101,2764,1299,9318,64262
1995,1020,RSHA,13,specialist,402,1800000,625,12101,2764,1299,9318,64262
1995,1020,RTHA,14,generalist,4850,2800000,1126,12101,2764,1299,9318,64262
1995,1020,SSHA,15,specialist,6217,410000,165.5,12101,2764,1299,9318,64262
1995,1020,TUVU,16,generalist,176,8400000,1425,12101,2764,1299,9318,64262
1996,1044,AMKE,1,specialist,365,2800000,115.5,12101,2764,1299,9318,64262
1996,1044,BAEA,2,generalist,103,200000,4790,12101,2764,1299,9318,64262
1996,1044,BLVU,3,generalist,50,1900000,1640,12101,2764,1299,9318,64262
1996,1044,BWHA,4,specialist,1809,1800000,397,12101,2764,1299,9318,64262
1996,1044,COHA,5,generalist,536,840000,452,12101,2764,1299,9318,64262
1996,1044,GOEA,6,generalist,86,63000,4200,12101,2764,1299,9318,64262
1996,1044,MERL,7,generalist,125,1600000,222,12101,2764,1299,9318,64262
1996,1044,NOGO,8,specialist,41,210000,990,12101,2764,1299,9318,64262
1996,1044,NOHA,9,specialist,129,820000,447,12101,2764,1299,9318,64262
1996,1044,OSPR,10,specialist,567,400000,1570,12101,2764,1299,9318,64262
1996,1044,PEFA,11,generalist,39,37000,794,12101,2764,1299,9318,64262
1996,1044,RLHA,12,specialist,4,300000,951,12101,2764,1299,9318,64262
1996,1044,RSHA,13,specialist,310,1800000,625,12101,2764,1299,9318,64262
1996,1044,RTHA,14,generalist,2727,2800000,1126,12101,2764,1299,9318,64262
1996,1044,SSHA,15,specialist,4467,410000,165.5,12101,2764,1299,9318,64262
1996,1044,TUVU,16,generalist,200,8400000,1425,12101,2764,1299,9318,64262
1997,1050,AMKE,1,specialist,643,2800000,115.5,11396,2610,1255,10005,62187
1997,1050,BAEA,2,generalist,133,200000,4790,11396,2610,1255,10005,62187
1997,1050,BLVU,3,generalist,93,1900000,1640,11396,2610,1255,10005,62187
1997,1050,BWHA,4,specialist,5518,1800000,397,11396,2610,1255,10005,62187
1997,1050,COHA,5,generalist,723,840000,452,11396,2610,1255,10005,62187
1997,1050,GOEA,6,generalist,98,63000,4200,11396,2610,1255,10005,62187
1997,1050,MERL,7,generalist,150,1600000,222,11396,2610,1255,10005,62187
1997,1050,NOGO,8,specialist,92,210000,990,11396,2610,1255,10005,62187
1997,1050,NOHA,9,specialist,213,820000,447,11396,2610,1255,10005,62187
1997,1050,OSPR,10,specialist,621,400000,1570,11396,2610,1255,10005,62187
1997,1050,PEFA,11,generalist,60,37000,794,11396,2610,1255,10005,62187
1997,1050,RLHA,12,specialist,24,300000,951,11396,2610,1255,10005,62187
1997,1050,RSHA,13,specialist,306,1800000,625,11396,2610,1255,10005,62187
1997,1050,RTHA,14,generalist,2359,2800000,1126,11396,2610,1255,10005,62187
1997,1050,SSHA,15,specialist,4219,410000,165.5,11396,2610,1255,10005,62187
1997,1050,TUVU,16,generalist,238,8400000,1425,11396,2610,1255,10005,62187
1998,1157,AMKE,1,specialist,794,2800000,115.5,11396,2610,1255,10005,62187
1998,1157,BAEA,2,generalist,159,200000,4790,11396,2610,1255,10005,62187
1998,1157,BLVU,3,generalist,55,1900000,1640,11396,2610,1255,10005,62187
1998,1157,BWHA,4,specialist,9935,1800000,397,11396,2610,1255,10005,62187
1998,1157,COHA,5,generalist,1118,840000,452,11396,2610,1255,10005,62187
1998,1157,GOEA,6,generalist,145,63000,4200,11396,2610,1255,10005,62187
1998,1157,MERL,7,generalist,148,1600000,222,11396,2610,1255,10005,62187
1998,1157,NOGO,8,specialist,36,210000,990,11396,2610,1255,10005,62187
1998,1157,NOHA,9,specialist,305,820000,447,11396,2610,1255,10005,62187
1998,1157,OSPR,10,specialist,617,400000,1570,11396,2610,1255,10005,62187
1998,1157,PEFA,11,generalist,55,37000,794,11396,2610,1255,10005,62187
1998,1157,RLHA,12,specialist,6,300000,951,11396,2610,1255,10005,62187
1998,1157,RSHA,13,specialist,369,1800000,625,11396,2610,1255,10005,62187
1998,1157,RTHA,14,generalist,4331,2800000,1126,11396,2610,1255,10005,62187
1998,1157,SSHA,15,specialist,5831,410000,165.5,11396,2610,1255,10005,62187
1998,1157,TUVU,16,generalist,220,8400000,1425,11396,2610,1255,10005,62187
1999,1088,AMKE,1,specialist,729,2800000,115.5,11396,2610,1255,10005,62187
1999,1088,BAEA,2,generalist,170,200000,4790,11396,2610,1255,10005,62187
1999,1088,BLVU,3,generalist,80,1900000,1640,11396,2610,1255,10005,62187
1999,1088,BWHA,4,specialist,8694,1800000,397,11396,2610,1255,10005,62187
1999,1088,COHA,5,generalist,938,840000,452,11396,2610,1255,10005,62187
1999,1088,GOEA,6,generalist,129,63000,4200,11396,2610,1255,10005,62187
1999,1088,MERL,7,generalist,127,1600000,222,11396,2610,1255,10005,62187
1999,1088,NOGO,8,specialist,171,210000,990,11396,2610,1255,10005,62187
1999,1088,NOHA,9,specialist,315,820000,447,11396,2610,1255,10005,62187
1999,1088,OSPR,10,specialist,681,400000,1570,11396,2610,1255,10005,62187
1999,1088,PEFA,11,generalist,48,37000,794,11396,2610,1255,10005,62187
1999,1088,RLHA,12,specialist,14,300000,951,11396,2610,1255,10005,62187
1999,1088,RSHA,13,specialist,332,1800000,625,11396,2610,1255,10005,62187
1999,1088,RTHA,14,generalist,4954,2800000,1126,11396,2610,1255,10005,62187
1999,1088,SSHA,15,specialist,4424,410000,165.5,11396,2610,1255,10005,62187
1999,1088,TUVU,16,generalist,367,8400000,1425,11396,2610,1255,10005,62187
2000,1126.55,AMKE,1,specialist,520,2800000,115.5,11396,2610,1255,10005,62187
2000,1126.55,BAEA,2,generalist,164,200000,4790,11396,2610,1255,10005,62187
2000,1126.55,BLVU,3,generalist,9,1900000,1640,11396,2610,1255,10005,62187
2000,1126.55,BWHA,4,specialist,6435,1800000,397,11396,2610,1255,10005,62187
2000,1126.55,COHA,5,generalist,750,840000,452,11396,2610,1255,10005,62187
2000,1126.55,GOEA,6,generalist,94,63000,4200,11396,2610,1255,10005,62187
2000,1126.55,MERL,7,generalist,169,1600000,222,11396,2610,1255,10005,62187
2000,1126.55,NOGO,8,specialist,34,210000,990,11396,2610,1255,10005,62187
2000,1126.55,NOHA,9,specialist,140,820000,447,11396,2610,1255,10005,62187
2000,1126.55,OSPR,10,specialist,493,400000,1570,11396,2610,1255,10005,62187
2000,1126.55,PEFA,11,generalist,47,37000,794,11396,2610,1255,10005,62187
2000,1126.55,RLHA,12,specialist,5,300000,951,11396,2610,1255,10005,62187
2000,1126.55,RSHA,13,specialist,197,1800000,625,11396,2610,1255,10005,62187
2000,1126.55,RTHA,14,generalist,2883,2800000,1126,11396,2610,1255,10005,62187
2000,1126.55,SSHA,15,specialist,4505,410000,165.5,11396,2610,1255,10005,62187
2000,1126.55,TUVU,16,generalist,169,8400000,1425,11396,2610,1255,10005,62187
2001,1137.37,AMKE,1,specialist,581,2800000,115.5,11396,2610,1255,10005,62187
2001,1137.37,BAEA,2,generalist,158,200000,4790,11396,2610,1255,10005,62187
2001,1137.37,BLVU,3,generalist,48,1900000,1640,11396,2610,1255,10005,62187
2001,1137.37,BWHA,4,specialist,3842,1800000,397,11396,2610,1255,10005,62187
2001,1137.37,COHA,5,generalist,900,840000,452,11396,2610,1255,10005,62187
2001,1137.37,GOEA,6,generalist,89,63000,4200,11396,2610,1255,10005,62187
2001,1137.37,MERL,7,generalist,176,1600000,222,11396,2610,1255,10005,62187
2001,1137.37,NOGO,8,specialist,122,210000,990,11396,2610,1255,10005,62187
2001,1137.37,NOHA,9,specialist,255,820000,447,11396,2610,1255,10005,62187
2001,1137.37,OSPR,10,specialist,573,400000,1570,11396,2610,1255,10005,62187
2001,1137.37,PEFA,11,generalist,36,37000,794,11396,2610,1255,10005,62187
2001,1137.37,RLHA,12,specialist,3,300000,951,11396,2610,1255,10005,62187
2001,1137.37,RSHA,13,specialist,275,1800000,625,11396,2610,1255,10005,62187
2001,1137.37,RTHA,14,generalist,3701,2800000,1126,11396,2610,1255,10005,62187
2001,1137.37,SSHA,15,specialist,4826,410000,165.5,11396,2610,1255,10005,62187
2001,1137.37,TUVU,16,generalist,329,8400000,1425,11396,2610,1255,10005,62187
2002,1038.8,AMKE,1,specialist,479,2800000,115.5,11719,2723,1389,10939,61350
2002,1038.8,BAEA,2,generalist,215,200000,4790,11719,2723,1389,10939,61350
2002,1038.8,BLVU,3,generalist,48,1900000,1640,11719,2723,1389,10939,61350
2002,1038.8,BWHA,4,specialist,11858,1800000,397,11719,2723,1389,10939,61350
2002,1038.8,COHA,5,generalist,599,840000,452,11719,2723,1389,10939,61350
2002,1038.8,GOEA,6,generalist,125,63000,4200,11719,2723,1389,10939,61350
2002,1038.8,MERL,7,generalist,119,1600000,222,11719,2723,1389,10939,61350
2002,1038.8,NOGO,8,specialist,43,210000,990,11719,2723,1389,10939,61350
2002,1038.8,NOHA,9,specialist,181,820000,447,11719,2723,1389,10939,61350
2002,1038.8,OSPR,10,specialist,706,400000,1570,11719,2723,1389,10939,61350
2002,1038.8,PEFA,11,generalist,62,37000,794,11719,2723,1389,10939,61350
2002,1038.8,RLHA,12,specialist,5,300000,951,11719,2723,1389,10939,61350
2002,1038.8,RSHA,13,specialist,241,1800000,625,11719,2723,1389,10939,61350
2002,1038.8,RTHA,14,generalist,3491,2800000,1126,11719,2723,1389,10939,61350
2002,1038.8,SSHA,15,specialist,3110,410000,165.5,11719,2723,1389,10939,61350
2002,1038.8,TUVU,16,generalist,226,8400000,1425,11719,2723,1389,10939,61350
2003,1034.09,AMKE,1,specialist,375,2800000,115.5,11719,2723,1389,10939,61350
2003,1034.09,BAEA,2,generalist,218,200000,4790,11719,2723,1389,10939,61350
2003,1034.09,BLVU,3,generalist,23,1900000,1640,11719,2723,1389,10939,61350
2003,1034.09,BWHA,4,specialist,6122,1800000,397,11719,2723,1389,10939,61350
2003,1034.09,COHA,5,generalist,682,840000,452,11719,2723,1389,10939,61350
2003,1034.09,GOEA,6,generalist,160,63000,4200,11719,2723,1389,10939,61350
2003,1034.09,MERL,7,generalist,97,1600000,222,11719,2723,1389,10939,61350
2003,1034.09,NOGO,8,specialist,62,210000,990,11719,2723,1389,10939,61350
2003,1034.09,NOHA,9,specialist,254,820000,447,11719,2723,1389,10939,61350
2003,1034.09,OSPR,10,specialist,675,400000,1570,11719,2723,1389,10939,61350
2003,1034.09,PEFA,11,generalist,55,37000,794,11719,2723,1389,10939,61350
2003,1034.09,RLHA,12,specialist,10,300000,951,11719,2723,1389,10939,61350
2003,1034.09,RSHA,13,specialist,231,1800000,625,11719,2723,1389,10939,61350
2003,1034.09,RTHA,14,generalist,3384,2800000,1126,11719,2723,1389,10939,61350
2003,1034.09,SSHA,15,specialist,3649,410000,165.5,11719,2723,1389,10939,61350
2003,1034.09,TUVU,16,generalist,327,8400000,1425,11719,2723,1389,10939,61350
2004,1093.45,AMKE,1,specialist,358,2800000,115.5,11719,2723,1389,10939,61350
2004,1093.45,BAEA,2,generalist,219,200000,4790,11719,2723,1389,10939,61350
2004,1093.45,BLVU,3,generalist,64,1900000,1640,11719,2723,1389,10939,61350
2004,1093.45,BWHA,4,specialist,6387,1800000,397,11719,2723,1389,10939,61350
2004,1093.45,COHA,5,generalist,536,840000,452,11719,2723,1389,10939,61350
2004,1093.45,GOEA,6,generalist,89,63000,4200,11719,2723,1389,10939,61350
2004,1093.45,MERL,7,generalist,100,1600000,222,11719,2723,1389,10939,61350
2004,1093.45,NOGO,8,specialist,31,210000,990,11719,2723,1389,10939,61350
2004,1093.45,NOHA,9,specialist,187,820000,447,11719,2723,1389,10939,61350
2004,1093.45,OSPR,10,specialist,672,400000,1570,11719,2723,1389,10939,61350
2004,1093.45,PEFA,11,generalist,44,37000,794,11719,2723,1389,10939,61350
2004,1093.45,RLHA,12,specialist,11,300000,951,11719,2723,1389,10939,61350
2004,1093.45,RSHA,13,specialist,212,1800000,625,11719,2723,1389,10939,61350
2004,1093.45,RTHA,14,generalist,2856,2800000,1126,11719,2723,1389,10939,61350
2004,1093.45,SSHA,15,specialist,2970,410000,165.5,11719,2723,1389,10939,61350
2004,1093.45,TUVU,16,generalist,177,8400000,1425,11719,2723,1389,10939,61350
2005,1120.68,AMKE,1,specialist,467,2800000,115.5,11719,2723,1389,10939,61350
2005,1120.68,BAEA,2,generalist,199,200000,4790,11719,2723,1389,10939,61350
2005,1120.68,BLVU,3,generalist,114,1900000,1640,11719,2723,1389,10939,61350
2005,1120.68,BWHA,4,specialist,5242,1800000,397,11719,2723,1389,10939,61350
2005,1120.68,COHA,5,generalist,1124,840000,452,11719,2723,1389,10939,61350
2005,1120.68,GOEA,6,generalist,124,63000,4200,11719,2723,1389,10939,61350
2005,1120.68,MERL,7,generalist,198,1600000,222,11719,2723,1389,10939,61350
2005,1120.68,NOGO,8,specialist,54,210000,990,11719,2723,1389,10939,61350
2005,1120.68,NOHA,9,specialist,209,820000,447,11719,2723,1389,10939,61350
2005,1120.68,OSPR,10,specialist,480,400000,1570,11719,2723,1389,10939,61350
2005,1120.68,PEFA,11,generalist,54,37000,794,11719,2723,1389,10939,61350
2005,1120.68,RLHA,12,specialist,6,300000,951,11719,2723,1389,10939,61350
2005,1120.68,RSHA,13,specialist,346,1800000,625,11719,2723,1389,10939,61350
2005,1120.68,RTHA,14,generalist,4550,2800000,1126,11719,2723,1389,10939,61350
2005,1120.68,SSHA,15,specialist,4545,410000,165.5,11719,2723,1389,10939,61350
2005,1120.68,TUVU,16,generalist,470,8400000,1425,11719,2723,1389,10939,61350
2006,1066.95,AMKE,1,specialist,411,2800000,115.5,11719,2723,1389,10939,61350
2006,1066.95,BAEA,2,generalist,197,200000,4790,11719,2723,1389,10939,61350
2006,1066.95,BLVU,3,generalist,89,1900000,1640,11719,2723,1389,10939,61350
2006,1066.95,BWHA,4,specialist,11798,1800000,397,11719,2723,1389,10939,61350
2006,1066.95,COHA,5,generalist,931,840000,452,11719,2723,1389,10939,61350
2006,1066.95,GOEA,6,generalist,158,63000,4200,11719,2723,1389,10939,61350
2006,1066.95,MERL,7,generalist,203,1600000,222,11719,2723,1389,10939,61350
2006,1066.95,NOGO,8,specialist,15,210000,990,11719,2723,1389,10939,61350
2006,1066.95,NOHA,9,specialist,275,820000,447,11719,2723,1389,10939,61350
2006,1066.95,OSPR,10,specialist,674,400000,1570,11719,2723,1389,10939,61350
2006,1066.95,PEFA,11,generalist,62,37000,794,11719,2723,1389,10939,61350
2006,1066.95,RLHA,12,specialist,1,300000,951,11719,2723,1389,10939,61350
2006,1066.95,RSHA,13,specialist,253,1800000,625,11719,2723,1389,10939,61350
2006,1066.95,RTHA,14,generalist,3893,2800000,1126,11719,2723,1389,10939,61350
2006,1066.95,SSHA,15,specialist,5479,410000,165.5,11719,2723,1389,10939,61350
2006,1066.95,TUVU,16,generalist,453,8400000,1425,11719,2723,1389,10939,61350
2007,1045.15,AMKE,1,specialist,528,2800000,115.5,11262,4139,489,11108,63516
2007,1045.15,BAEA,2,generalist,231,200000,4790,11262,4139,489,11108,63516
2007,1045.15,BLVU,3,generalist,119,1900000,1640,11262,4139,489,11108,63516
2007,1045.15,BWHA,4,specialist,7837,1800000,397,11262,4139,489,11108,63516
2007,1045.15,COHA,5,generalist,742,840000,452,11262,4139,489,11108,63516
2007,1045.15,GOEA,6,generalist,97,63000,4200,11262,4139,489,11108,63516
2007,1045.15,MERL,7,generalist,231,1600000,222,11262,4139,489,11108,63516
2007,1045.15,NOGO,8,specialist,43,210000,990,11262,4139,489,11108,63516
2007,1045.15,NOHA,9,specialist,275,820000,447,11262,4139,489,11108,63516
2007,1045.15,OSPR,10,specialist,718,400000,1570,11262,4139,489,11108,63516
2007,1045.15,PEFA,11,generalist,38,37000,794,11262,4139,489,11108,63516
2007,1045.15,RLHA,12,specialist,4,300000,951,11262,4139,489,11108,63516
2007,1045.15,RSHA,13,specialist,220,1800000,625,11262,4139,489,11108,63516
2007,1045.15,RTHA,14,generalist,2318,2800000,1126,11262,4139,489,11108,63516
2007,1045.15,SSHA,15,specialist,5073,410000,165.5,11262,4139,489,11108,63516
2007,1045.15,TUVU,16,generalist,656,8400000,1425,11262,4139,489,11108,63516
2008,1082.32,AMKE,1,specialist,294,2800000,115.5,11262,4139,489,11108,63516
2008,1082.32,BAEA,2,generalist,255,200000,4790,11262,4139,489,11108,63516
2008,1082.32,BLVU,3,generalist,38,1900000,1640,11262,4139,489,11108,63516
2008,1082.32,BWHA,4,specialist,4296,1800000,397,11262,4139,489,11108,63516
2008,1082.32,COHA,5,generalist,530,840000,452,11262,4139,489,11108,63516
2008,1082.32,GOEA,6,generalist,131,63000,4200,11262,4139,489,11108,63516
2008,1082.32,MERL,7,generalist,129,1600000,222,11262,4139,489,11108,63516
2008,1082.32,NOGO,8,specialist,25,210000,990,11262,4139,489,11108,63516
2008,1082.32,NOHA,9,specialist,143,820000,447,11262,4139,489,11108,63516
2008,1082.32,OSPR,10,specialist,474,400000,1570,11262,4139,489,11108,63516
2008,1082.32,PEFA,11,generalist,61,37000,794,11262,4139,489,11108,63516
2008,1082.32,RLHA,12,specialist,5,300000,951,11262,4139,489,11108,63516
2008,1082.32,RSHA,13,specialist,137,1800000,625,11262,4139,489,11108,63516
2008,1082.32,RTHA,14,generalist,1800,2800000,1126,11262,4139,489,11108,63516
2008,1082.32,SSHA,15,specialist,3358,410000,165.5,11262,4139,489,11108,63516
2008,1082.32,TUVU,16,generalist,357,8400000,1425,11262,4139,489,11108,63516
2009,1032.67,AMKE,1,specialist,461,2800000,115.5,11262,4139,489,11108,63516
2009,1032.67,BAEA,2,generalist,219,200000,4790,11262,4139,489,11108,63516
2009,1032.67,BLVU,3,generalist,160,1900000,1640,11262,4139,489,11108,63516
2009,1032.67,BWHA,4,specialist,6441,1800000,397,11262,4139,489,11108,63516
2009,1032.67,COHA,5,generalist,612,840000,452,11262,4139,489,11108,63516
2009,1032.67,GOEA,6,generalist,77,63000,4200,11262,4139,489,11108,63516
2009,1032.67,MERL,7,generalist,162,1600000,222,11262,4139,489,11108,63516
2009,1032.67,NOGO,8,specialist,25,210000,990,11262,4139,489,11108,63516
2009,1032.67,NOHA,9,specialist,147,820000,447,11262,4139,489,11108,63516
2009,1032.67,OSPR,10,specialist,455,400000,1570,11262,4139,489,11108,63516
2009,1032.67,PEFA,11,generalist,68,37000,794,11262,4139,489,11108,63516
2009,1032.67,RLHA,12,specialist,0,300000,951,11262,4139,489,11108,63516
2009,1032.67,RSHA,13,specialist,141,1800000,625,11262,4139,489,11108,63516
2009,1032.67,RTHA,14,generalist,1752,2800000,1126,11262,4139,489,11108,63516
2009,1032.67,SSHA,15,specialist,4302,410000,165.5,11262,4139,489,11108,63516
2009,1032.67,TUVU,16,generalist,461,8400000,1425,11262,4139,489,11108,63516
2010,1084.85,AMKE,1,specialist,565,2800000,115.5,11262,4139,489,11108,63516
2010,1084.85,BAEA,2,generalist,408,200000,4790,11262,4139,489,11108,63516
2010,1084.85,BLVU,3,generalist,135,1900000,1640,11262,4139,489,11108,63516
2010,1084.85,BWHA,4,specialist,6710,1800000,397,11262,4139,489,11108,63516
2010,1084.85,COHA,5,generalist,756,840000,452,11262,4139,489,11108,63516
2010,1084.85,GOEA,6,generalist,142,63000,4200,11262,4139,489,11108,63516
2010,1084.85,MERL,7,generalist,229,1600000,222,11262,4139,489,11108,63516
2010,1084.85,NOGO,8,specialist,52,210000,990,11262,4139,489,11108,63516
2010,1084.85,NOHA,9,specialist,180,820000,447,11262,4139,489,11108,63516
2010,1084.85,OSPR,10,specialist,659,400000,1570,11262,4139,489,11108,63516
2010,1084.85,PEFA,11,generalist,68,37000,794,11262,4139,489,11108,63516
2010,1084.85,RLHA,12,specialist,0,300000,951,11262,4139,489,11108,63516
2010,1084.85,RSHA,13,specialist,170,1800000,625,11262,4139,489,11108,63516
2010,1084.85,RTHA,14,generalist,3176,2800000,1126,11262,4139,489,11108,63516
2010,1084.85,SSHA,15,specialist,6413,410000,165.5,11262,4139,489,11108,63516
2010,1084.85,TUVU,16,generalist,650,8400000,1425,11262,4139,489,11108,63516
2011,1055.32,AMKE,1,specialist,386,2800000,115.5,11262,4139,489,11108,63516
2011,1055.32,BAEA,2,generalist,306,200000,4790,11262,4139,489,11108,63516
2011,1055.32,BLVU,3,generalist,299,1900000,1640,11262,4139,489,11108,63516
2011,1055.32,BWHA,4,specialist,13319,1800000,397,11262,4139,489,11108,63516
2011,1055.32,COHA,5,generalist,558,840000,452,11262,4139,489,11108,63516
2011,1055.32,GOEA,6,generalist,132,63000,4200,11262,4139,489,11108,63516
2011,1055.32,MERL,7,generalist,141,1600000,222,11262,4139,489,11108,63516
2011,1055.32,NOGO,8,specialist,30,210000,990,11262,4139,489,11108,63516
2011,1055.32,NOHA,9,specialist,153,820000,447,11262,4139,489,11108,63516
2011,1055.32,OSPR,10,specialist,463,400000,1570,11262,4139,489,11108,63516
2011,1055.32,PEFA,11,generalist,56,37000,794,11262,4139,489,11108,63516
2011,1055.32,RLHA,12,specialist,0,300000,951,11262,4139,489,11108,63516
2011,1055.32,RSHA,13,specialist,117,1800000,625,11262,4139,489,11108,63516
2011,1055.32,RTHA,14,generalist,1699,2800000,1126,11262,4139,489,11108,63516
2011,1055.32,SSHA,15,specialist,4447,410000,165.5,11262,4139,489,11108,63516
2011,1055.32,TUVU,16,generalist,669,8400000,1425,11262,4139,489,11108,63516
2012,1095.45,AMKE,1,specialist,514,2800000,115.5,10404,4450,436,11718,62574
2012,1095.45,BAEA,2,generalist,352,200000,4790,10404,4450,436,11718,62574
2012,1095.45,BLVU,3,generalist,119,1900000,1640,10404,4450,436,11718,62574
2012,1095.45,BWHA,4,specialist,8383,1800000,397,10404,4450,436,11718,62574
2012,1095.45,COHA,5,generalist,580,840000,452,10404,4450,436,11718,62574
2012,1095.45,GOEA,6,generalist,150,63000,4200,10404,4450,436,11718,62574
2012,1095.45,MERL,7,generalist,164,1600000,222,10404,4450,436,11718,62574
2012,1095.45,NOGO,8,specialist,63,210000,990,10404,4450,436,11718,62574
2012,1095.45,NOHA,9,specialist,148,820000,447,10404,4450,436,11718,62574
2012,1095.45,OSPR,10,specialist,575,400000,1570,10404,4450,436,11718,62574
2012,1095.45,PEFA,11,generalist,54,37000,794,10404,4450,436,11718,62574
2012,1095.45,RLHA,12,specialist,0,300000,951,10404,4450,436,11718,62574
2012,1095.45,RSHA,13,specialist,192,1800000,625,10404,4450,436,11718,62574
2012,1095.45,RTHA,14,generalist,2629,2800000,1126,10404,4450,436,11718,62574
2012,1095.45,SSHA,15,specialist,5221,410000,165.5,10404,4450,436,11718,62574
2012,1095.45,TUVU,16,generalist,412,8400000,1425,10404,4450,436,11718,62574
2013,1098.2,AMKE,1,specialist,318,2800000,115.5,10404,4450,436,11718,62574
2013,1098.2,BAEA,2,generalist,354,200000,4790,10404,4450,436,11718,62574
2013,1098.2,BLVU,3,generalist,115,1900000,1640,10404,4450,436,11718,62574
2013,1098.2,BWHA,4,specialist,6436,1800000,397,10404,4450,436,11718,62574
2013,1098.2,COHA,5,generalist,396,840000,452,10404,4450,436,11718,62574
2013,1098.2,GOEA,6,generalist,162,63000,4200,10404,4450,436,11718,62574
2013,1098.2,MERL,7,generalist,138,1600000,222,10404,4450,436,11718,62574
2013,1098.2,NOGO,8,specialist,30,210000,990,10404,4450,436,11718,62574
2013,1098.2,NOHA,9,specialist,109,820000,447,10404,4450,436,11718,62574
2013,1098.2,OSPR,10,specialist,388,400000,1570,10404,4450,436,11718,62574
2013,1098.2,PEFA,11,generalist,47,37000,794,10404,4450,436,11718,62574
2013,1098.2,RLHA,12,specialist,1,300000,951,10404,4450,436,11718,62574
2013,1098.2,RSHA,13,specialist,167,1800000,625,10404,4450,436,11718,62574
2013,1098.2,RTHA,14,generalist,2022,2800000,1126,10404,4450,436,11718,62574
2013,1098.2,SSHA,15,specialist,3766,410000,165.5,10404,4450,436,11718,62574
2013,1098.2,TUVU,16,generalist,598,8400000,1425,10404,4450,436,11718,62574
2014,1101.87,AMKE,1,specialist,380,2800000,115.5,10404,4450,436,11718,62574
2014,1101.87,BAEA,2,generalist,412,200000,4790,10404,4450,436,11718,62574
2014,1101.87,BLVU,3,generalist,196,1900000,1640,10404,4450,436,11718,62574
2014,1101.87,BWHA,4,specialist,6370,1800000,397,10404,4450,436,11718,62574
2014,1101.87,COHA,5,generalist,554,840000,452,10404,4450,436,11718,62574
2014,1101.87,GOEA,6,generalist,161,63000,4200,10404,4450,436,11718,62574
2014,1101.87,MERL,7,generalist,189,1600000,222,10404,4450,436,11718,62574
2014,1101.87,NOGO,8,specialist,23,210000,990,10404,4450,436,11718,62574
2014,1101.87,NOHA,9,specialist,167,820000,447,10404,4450,436,11718,62574
2014,1101.87,OSPR,10,specialist,467,400000,1570,10404,4450,436,11718,62574
2014,1101.87,PEFA,11,generalist,90,37000,794,10404,4450,436,11718,62574
2014,1101.87,RLHA,12,specialist,2,300000,951,10404,4450,436,11718,62574
2014,1101.87,RSHA,13,specialist,197,1800000,625,10404,4450,436,11718,62574
2014,1101.87,RTHA,14,generalist,2263,2800000,1126,10404,4450,436,11718,62574
2014,1101.87,SSHA,15,specialist,4775,410000,165.5,10404,4450,436,11718,62574
2014,1101.87,TUVU,16,generalist,940,8400000,1425,10404,4450,436,11718,62574
2015,1115.33,AMKE,1,specialist,238,2800000,115.5,10404,4450,436,11718,62574
2015,1115.33,BAEA,2,generalist,309,200000,4790,10404,4450,436,11718,62574
2015,1115.33,BLVU,3,generalist,104,1900000,1640,10404,4450,436,11718,62574
2015,1115.33,BWHA,4,specialist,5645,1800000,397,10404,4450,436,11718,62574
2015,1115.33,COHA,5,generalist,396,840000,452,10404,4450,436,11718,62574
2015,1115.33,GOEA,6,generalist,117,63000,4200,10404,4450,436,11718,62574
2015,1115.33,MERL,7,generalist,178,1600000,222,10404,4450,436,11718,62574
2015,1115.33,NOGO,8,specialist,9,210000,990,10404,4450,436,11718,62574
2015,1115.33,NOHA,9,specialist,148,820000,447,10404,4450,436,11718,62574
2015,1115.33,OSPR,10,specialist,336,400000,1570,10404,4450,436,11718,62574
2015,1115.33,PEFA,11,generalist,56,37000,794,10404,4450,436,11718,62574
2015,1115.33,RLHA,12,specialist,0,300000,951,10404,4450,436,11718,62574
2015,1115.33,RSHA,13,specialist,115,1800000,625,10404,4450,436,11718,62574
2015,1115.33,RTHA,14,generalist,1358,2800000,1126,10404,4450,436,11718,62574
2015,1115.33,SSHA,15,specialist,3818,410000,165.5,10404,4450,436,11718,62574
2015,1115.33,TUVU,16,generalist,415,8400000,1425,10404,4450,436,11718,62574
2016,1114.33,AMKE,1,specialist,218,2800000,115.5,10404,4450,436,11718,62574
2016,1114.33,BAEA,2,generalist,492,200000,4790,10404,4450,436,11718,62574
2016,1114.33,BLVU,3,generalist,113,1900000,1640,10404,4450,436,11718,62574
2016,1114.33,BWHA,4,specialist,9363,1800000,397,10404,4450,436,11718,62574
2016,1114.33,COHA,5,generalist,369,840000,452,10404,4450,436,11718,62574
2016,1114.33,GOEA,6,generalist,127,63000,4200,10404,4450,436,11718,62574
2016,1114.33,MERL,7,generalist,192,1600000,222,10404,4450,436,11718,62574
2016,1114.33,NOGO,8,specialist,35,210000,990,10404,4450,436,11718,62574
2016,1114.33,NOHA,9,specialist,118,820000,447,10404,4450,436,11718,62574
2016,1114.33,OSPR,10,specialist,345,400000,1570,10404,4450,436,11718,62574
2016,1114.33,PEFA,11,generalist,48,37000,794,10404,4450,436,11718,62574
2016,1114.33,RLHA,12,specialist,2,300000,951,10404,4450,436,11718,62574
2016,1114.33,RSHA,13,specialist,148,1800000,625,10404,4450,436,11718,62574
2016,1114.33,RTHA,14,generalist,2174,2800000,1126,10404,4450,436,11718,62574
2016,1114.33,SSHA,15,specialist,2965,410000,165.5,10404,4450,436,11718,62574
2016,1114.33,TUVU,16,generalist,610,8400000,1425,10404,4450,436,11718,62574
2017,1020.72,AMKE,1,specialist,239,2800000,115.5,10404,4450,436,11718,62574
2017,1020.72,BAEA,2,generalist,421,200000,4790,10404,4450,436,11718,62574
2017,1020.72,BLVU,3,generalist,44,1900000,1640,10404,4450,436,11718,62574
2017,1020.72,BWHA,4,specialist,10754,1800000,397,10404,4450,436,11718,62574
2017,1020.72,COHA,5,generalist,357,840000,452,10404,4450,436,11718,62574
2017,1020.72,GOEA,6,generalist,101,63000,4200,10404,4450,436,11718,62574
2017,1020.72,MERL,7,generalist,122,1600000,222,10404,4450,436,11718,62574
2017,1020.72,NOGO,8,specialist,3,210000,990,10404,4450,436,11718,62574
2017,1020.72,NOHA,9,specialist,81,820000,447,10404,4450,436,11718,62574
2017,1020.72,OSPR,10,specialist,282,400000,1570,10404,4450,436,11718,62574
2017,1020.72,PEFA,11,generalist,67,37000,794,10404,4450,436,11718,62574
2017,1020.72,RLHA,12,specialist,1,300000,951,10404,4450,436,11718,62574
2017,1020.72,RSHA,13,specialist,162,1800000,625,10404,4450,436,11718,62574
2017,1020.72,RTHA,14,generalist,1106,2800000,1126,10404,4450,436,11718,62574
2017,1020.72,SSHA,15,specialist,2457,410000,165.5,10404,4450,436,11718,62574
2017,1020.72,TUVU,16,generalist,700,8400000,1425,10404,4450,436,11718,62574
2018,1018.6,AMKE,1,specialist,421,2800000,115.5,10404,4450,436,11718,62574
2018,1018.6,BAEA,2,generalist,541,200000,4790,10404,4450,436,11718,62574
2018,1018.6,BLVU,3,generalist,69,1900000,1640,10404,4450,436,11718,62574
2018,1018.6,BWHA,4,specialist,7937,1800000,397,10404,4450,436,11718,62574
2018,1018.6,COHA,5,generalist,597,840000,452,10404,4450,436,11718,62574
2018,1018.6,GOEA,6,generalist,145,63000,4200,10404,4450,436,11718,62574
2018,1018.6,MERL,7,generalist,245,1600000,222,10404,4450,436,11718,62574
2018,1018.6,NOGO,8,specialist,19,210000,990,10404,4450,436,11718,62574
2018,1018.6,NOHA,9,specialist,128,820000,447,10404,4450,436,11718,62574
2018,1018.6,OSPR,10,specialist,335,400000,1570,10404,4450,436,11718,62574
2018,1018.6,PEFA,11,generalist,61,37000,794,10404,4450,436,11718,62574
2018,1018.6,RLHA,12,specialist,2,300000,951,10404,4450,436,11718,62574
2018,1018.6,RSHA,13,specialist,207,1800000,625,10404,4450,436,11718,62574
2018,1018.6,RTHA,14,generalist,1689,2800000,1126,10404,4450,436,11718,62574
2018,1018.6,SSHA,15,specialist,5121,410000,165.5,10404,4450,436,11718,62574
2018,1018.6,TUVU,16,generalist,549,8400000,1425,10404,4450,436,11718,62574
